Timestamp,Frame,X_min,Y_min,X_max,Y_max,Confidence,area,X,Y,Z_est,Distance_3D
2025-04-08 21:26:54.712,2,140,145,586,479,0.96,148964,43,-72,0.65,83.87
2025-04-08 21:26:54.910,3,139,145,586,479,0.96,149298,42,-72,0.65,83.36
2025-04-08 21:26:55.096,4,142,146,586,479,0.96,147852,44,-72,0.66,84.38
2025-04-08 21:26:55.293,5,142,146,585,479,0.96,147519,43,-72,0.66,83.87
2025-04-08 21:26:55.461,6,142,145,585,479,0.96,147962,43,-72,0.66,83.87
2025-04-08 21:26:55.628,7,142,145,585,479,0.96,147962,43,-72,0.66,83.87
2025-04-08 21:26:55.798,8,142,146,585,479,0.96,147519,43,-72,0.66,83.87
2025-04-08 21:26:55.963,9,142,145,585,479,0.96,147962,43,-72,0.66,83.87
2025-04-08 21:26:56.130,10,142,146,586,479,0.96,147852,44,-72,0.66,84.38
2025-04-08 21:26:56.297,11,142,146,586,479,0.96,147852,44,-72,0.66,84.38
2025-04-08 21:26:56.464,12,141,146,587,479,0.96,148518,44,-72,0.66,84.38
2025-04-08 21:26:56.629,13,141,145,587,479,0.96,148964,44,-72,0.65,84.38
2025-04-08 21:26:56.799,14,140,146,587,479,0.96,148851,43,-72,0.66,83.87
2025-04-08 21:26:56.968,15,141,146,587,479,0.96,148518,44,-72,0.66,84.38
2025-04-08 21:26:57.167,16,140,146,587,479,0.96,148851,43,-72,0.66,83.87
2025-04-08 21:26:57.332,17,141,146,587,479,0.96,148518,44,-72,0.66,84.38
2025-04-08 21:26:57.500,18,143,145,588,479,0.96,148630,45,-72,0.66,84.91
2025-04-08 21:26:57.667,19,144,146,588,479,0.96,147852,46,-72,0.66,85.44
2025-04-08 21:26:57.830,20,144,146,588,479,0.96,147852,46,-72,0.66,85.44
2025-04-08 21:26:57.997,21,144,144,588,479,0.96,148740,46,-71,0.65,84.60
2025-04-08 21:26:58.162,22,144,143,589,479,0.96,149520,46,-71,0.65,84.60
2025-04-08 21:26:58.329,23,144,143,589,479,0.96,149520,46,-71,0.65,84.60
2025-04-08 21:26:58.498,24,144,144,588,479,0.96,148740,46,-71,0.65,84.60
2025-04-08 21:26:58.664,25,144,144,588,479,0.96,148740,46,-71,0.65,84.60
2025-04-08 21:26:58.831,26,144,143,589,479,0.96,149520,46,-71,0.65,84.60
2025-04-08 21:26:58.996,27,145,143,590,479,0.96,149520,47,-71,0.65,85.15
2025-04-08 21:26:59.164,28,148,144,592,479,0.96,148740,50,-71,0.65,86.84
2025-04-08 21:26:59.334,29,152,145,597,479,0.96,148630,54,-72,0.66,90.00
2025-04-08 21:26:59.494,30,161,146,606,479,0.96,148185,63,-72,0.66,95.67
2025-04-08 21:26:59.666,31,178,150,619,479,0.95,145089,78,-74,0.66,107.52
2025-04-08 21:26:59.830,32,195,155,632,479,0.96,141588,93,-77,0.67,120.74
2025-04-08 21:26:59.999,33,211,160,639,479,0.96,136532,105,-79,0.68,131.40
2025-04-08 21:27:00.163,34,223,163,639,479,0.96,131456,111,-81,0.70,137.41
2025-04-08 21:27:00.330,35,236,165,639,479,0.96,126542,117,-82,0.71,142.88
2025-04-08 21:27:00.497,36,248,167,639,479,0.96,121992,123,-83,0.72,148.39
2025-04-08 21:27:00.667,37,255,169,639,479,0.96,119040,127,-84,0.73,152.27
2025-04-08 21:27:00.833,38,257,170,639,479,0.96,118038,128,-84,0.73,153.10
2025-04-08 21:27:01.000,39,257,169,639,479,0.95,118420,128,-84,0.73,153.10
2025-04-08 21:27:01.165,40,256,169,638,479,0.96,118420,127,-84,0.73,152.27
2025-04-08 21:27:01.334,41,255,169,638,479,0.96,118730,126,-84,0.73,151.43
2025-04-08 21:27:01.500,42,253,168,638,479,0.96,119735,125,-83,0.73,150.05
2025-04-08 21:27:01.666,43,253,169,639,479,0.96,119660,126,-84,0.73,151.43
2025-04-08 21:27:01.832,44,251,168,639,479,0.96,120668,125,-83,0.72,150.05
2025-04-08 21:27:02.000,45,251,168,639,479,0.96,120668,125,-83,0.72,150.05
2025-04-08 21:27:02.168,46,250,167,639,479,0.96,121368,124,-83,0.72,149.22
2025-04-08 21:27:02.332,47,248,167,638,479,0.96,121680,123,-83,0.72,148.39
2025-04-08 21:27:02.501,48,248,167,639,479,0.96,121992,123,-83,0.72,148.39
2025-04-08 21:27:02.664,49,247,166,639,479,0.96,122696,123,-82,0.72,147.83
2025-04-08 21:27:02.835,50,246,166,639,479,0.96,123009,122,-82,0.72,147.00
2025-04-08 21:27:03.001,51,246,167,639,479,0.96,122616,122,-83,0.72,147.56
2025-04-08 21:27:03.168,52,247,167,639,479,0.96,122304,123,-83,0.72,148.39
2025-04-08 21:27:03.331,53,246,167,639,479,0.96,122616,122,-83,0.72,147.56
2025-04-08 21:27:03.501,54,246,168,639,479,0.96,122223,122,-83,0.72,147.56
2025-04-08 21:27:03.664,55,246,167,639,479,0.96,122616,122,-83,0.72,147.56
2025-04-08 21:27:03.834,56,246,167,639,479,0.96,122616,122,-83,0.72,147.56
2025-04-08 21:27:04.000,57,244,168,639,479,0.96,122845,121,-83,0.72,146.73
2025-04-08 21:27:04.168,58,243,169,639,479,0.96,122760,121,-84,0.72,147.30
2025-04-08 21:27:04.335,59,240,170,639,479,0.96,123291,119,-84,0.72,145.66
2025-04-08 21:27:04.499,60,237,172,639,479,0.96,123414,118,-85,0.72,145.43
2025-04-08 21:27:04.668,61,230,174,639,479,0.96,124745,114,-86,0.72,142.80
2025-04-08 21:27:04.837,62,224,177,638,479,0.96,125028,111,-88,0.72,141.65
2025-04-08 21:27:04.999,63,218,180,625,479,0.96,121693,101,-89,0.73,134.62
2025-04-08 21:27:05.168,64,211,182,612,479,0.95,119097,91,-90,0.73,127.99
2025-04-08 21:27:05.334,65,202,184,597,479,0.96,116525,79,-91,0.74,120.51
2025-04-08 21:27:05.502,66,196,185,583,479,0.96,113778,69,-92,0.75,115.00
2025-04-08 21:27:05.666,67,188,187,565,479,0.96,110084,56,-93,0.76,108.56
2025-04-08 21:27:05.836,68,182,188,552,479,0.96,107670,47,-93,0.77,104.20
2025-04-08 21:27:06.002,69,175,189,541,479,0.96,106140,38,-94,0.77,101.39
2025-04-08 21:27:06.170,70,170,190,531,479,0.96,104329,30,-94,0.78,98.67
2025-04-08 21:27:06.334,71,165,192,523,479,0.96,102746,24,-95,0.78,97.99
2025-04-08 21:27:06.505,72,161,196,515,479,0.96,100182,18,-97,0.79,98.66
2025-04-08 21:27:06.669,73,159,200,509,479,0.96,97650,14,-99,0.81,99.99
2025-04-08 21:27:06.836,74,156,201,506,479,0.96,97300,11,-100,0.81,100.61
2025-04-08 21:27:07.003,75,155,204,505,479,0.96,96250,10,-101,0.81,101.50
2025-04-08 21:27:07.168,76,153,204,505,479,0.96,96800,9,-101,0.81,101.40
2025-04-08 21:27:07.336,77,152,205,504,479,0.96,96448,8,-102,0.81,102.32
2025-04-08 21:27:07.504,78,153,205,504,479,0.96,96174,8,-102,0.81,102.32
2025-04-08 21:27:07.670,79,151,203,502,479,0.96,96876,6,-101,0.81,101.18
2025-04-08 21:27:07.836,80,147,206,498,479,0.96,95823,2,-102,0.81,102.02
2025-04-08 21:27:08.005,81,142,209,489,479,0.95,93690,-5,-104,0.82,104.12
2025-04-08 21:27:08.171,82,139,211,483,479,0.95,92192,-9,-105,0.83,105.39
2025-04-08 21:27:08.335,83,139,213,482,479,0.96,91238,-10,-106,0.83,106.47
2025-04-08 21:27:08.504,84,140,214,482,479,0.95,90630,-9,-106,0.84,106.38
2025-04-08 21:27:08.671,85,142,213,484,479,0.95,90972,-7,-106,0.84,106.23
2025-04-08 21:27:08.837,86,144,211,488,479,0.96,92192,-4,-105,0.83,105.08
2025-04-08 21:27:09.002,87,147,209,492,479,0.95,93150,-1,-104,0.83,104.01
2025-04-08 21:27:09.169,88,150,208,496,479,0.96,93766,3,-103,0.82,103.05
2025-04-08 21:27:09.338,89,151,207,498,479,0.96,94384,4,-103,0.82,103.08
2025-04-08 21:27:09.506,90,151,206,499,479,0.96,95004,5,-102,0.82,102.13
2025-04-08 21:27:09.669,91,151,205,501,479,0.96,95900,6,-102,0.81,102.18
2025-04-08 21:27:09.838,92,151,205,503,479,0.96,96448,7,-102,0.81,102.24
2025-04-08 21:27:10.002,93,152,204,504,479,0.96,96800,8,-101,0.81,101.32
2025-04-08 21:27:10.173,94,152,204,506,479,0.96,97350,9,-101,0.81,101.40
2025-04-08 21:27:10.339,95,153,204,506,479,0.96,97075,9,-101,0.81,101.40
2025-04-08 21:27:10.506,96,153,203,506,479,0.96,97428,9,-101,0.81,101.40
2025-04-08 21:27:10.671,97,153,203,507,479,0.96,97704,10,-101,0.81,101.50
2025-04-08 21:27:10.839,98,153,203,507,479,0.96,97704,10,-101,0.81,101.50
2025-04-08 21:27:11.005,99,151,204,501,479,0.96,96250,6,-101,0.81,101.18
2025-04-08 21:27:11.174,100,148,208,497,479,0.95,94579,2,-103,0.82,103.02
2025-04-08 21:27:11.342,101,147,209,496,479,0.95,94230,1,-104,0.82,104.01
2025-04-08 21:27:11.506,102,147,209,496,479,0.95,94230,1,-104,0.82,104.01
2025-04-08 21:27:11.672,103,149,208,498,479,0.95,94579,3,-103,0.82,103.05
2025-04-08 21:27:11.840,104,150,207,500,479,0.96,95200,5,-103,0.82,103.12
2025-04-08 21:27:12.004,105,151,207,500,479,0.96,94928,5,-103,0.82,103.12
2025-04-08 21:27:12.176,106,150,206,501,479,0.96,95823,5,-102,0.81,102.13
2025-04-08 21:27:12.339,107,150,206,502,479,0.96,96096,6,-102,0.81,102.18
2025-04-08 21:27:12.506,108,150,206,502,479,0.96,96096,6,-102,0.81,102.18
2025-04-08 21:27:12.671,109,150,206,501,479,0.96,95823,5,-102,0.81,102.13
2025-04-08 21:27:12.840,110,150,206,500,479,0.96,95550,5,-102,0.82,102.13
2025-04-08 21:27:13.007,111,150,205,499,479,0.96,95626,4,-102,0.81,102.08
2025-04-08 21:27:13.173,112,150,205,499,479,0.96,95626,4,-102,0.81,102.08
2025-04-08 21:27:13.341,113,150,205,499,479,0.96,95626,4,-102,0.81,102.08
2025-04-08 21:27:13.508,114,151,204,500,479,0.96,95975,5,-101,0.81,101.13
2025-04-08 21:27:13.674,115,150,205,500,479,0.96,95900,5,-102,0.81,102.13
2025-04-08 21:27:13.843,116,151,205,500,479,0.96,95626,5,-102,0.81,102.13
2025-04-08 21:27:14.008,117,151,205,499,479,0.96,95352,5,-102,0.82,102.13
2025-04-08 21:27:14.174,118,151,206,499,479,0.96,95004,5,-102,0.82,102.13
2025-04-08 21:27:14.338,119,151,206,499,479,0.96,95004,5,-102,0.82,102.13
2025-04-08 21:27:14.508,120,151,206,500,479,0.96,95277,5,-102,0.82,102.13
2025-04-08 21:27:14.676,121,151,206,501,479,0.96,95550,6,-102,0.82,102.18
2025-04-08 21:27:14.843,122,152,206,500,479,0.96,95004,6,-102,0.82,102.18
2025-04-08 21:27:15.009,123,152,205,500,479,0.95,95352,6,-102,0.82,102.18
2025-04-08 21:27:15.176,124,152,205,500,479,0.95,95352,6,-102,0.82,102.18
2025-04-08 21:27:15.341,125,153,205,500,479,0.95,95078,6,-102,0.82,102.18
2025-04-08 21:27:15.508,126,160,213,501,479,0.96,90706,10,-106,0.84,106.47
2025-04-08 21:27:15.677,127,171,225,501,479,0.95,83820,16,-112,0.87,113.14
2025-04-08 21:27:15.842,128,187,242,499,479,0.95,73944,23,-120,0.93,122.19
2025-04-08 21:27:16.010,129,209,261,496,479,0.94,62566,32,-130,1.01,133.88
2025-04-08 21:27:16.172,130,241,281,489,479,0.92,49104,45,-140,1.14,147.06
2025-04-08 21:27:16.342,131,260,296,482,479,0.92,40626,51,-147,1.25,155.60
2025-04-08 21:27:16.510,132,267,304,478,479,0.91,36925,52,-151,1.31,159.71
2025-04-08 21:27:16.673,133,270,309,471,479,0.91,34170,50,-154,1.36,161.92
2025-04-08 21:27:16.843,134,272,310,467,479,0.90,32955,49,-154,1.38,161.61
2025-04-08 21:27:17.008,135,273,311,468,479,0.91,32760,50,-155,1.39,162.87
2025-04-08 21:27:17.177,136,273,309,471,479,0.91,33660,52,-154,1.37,162.55
2025-04-08 21:27:17.344,137,273,309,471,479,0.92,33660,52,-154,1.37,162.55
2025-04-08 21:27:17.508,138,272,309,473,479,0.92,34170,52,-154,1.36,162.55
2025-04-08 21:27:17.673,139,272,310,471,479,0.92,33631,51,-154,1.37,162.23
2025-04-08 21:27:17.843,140,271,310,469,479,0.91,33462,50,-154,1.37,161.92
2025-04-08 21:27:18.009,141,270,308,474,479,0.90,34884,52,-153,1.34,161.60
2025-04-08 21:27:18.180,142,269,305,477,479,0.92,36192,53,-152,1.32,160.98
2025-04-08 21:27:18.344,143,269,306,477,479,0.92,35984,53,-152,1.32,160.98
2025-04-08 21:27:18.511,144,270,307,475,479,0.91,35260,52,-153,1.34,161.60
2025-04-08 21:27:18.678,145,271,307,473,479,0.90,34744,52,-153,1.35,161.60
2025-04-08 21:27:18.845,146,272,308,470,479,0.90,33858,51,-153,1.36,161.28
2025-04-08 21:27:19.011,147,274,308,471,479,0.90,33687,52,-153,1.37,161.60
2025-04-08 21:27:19.180,148,274,309,471,479,0.89,33490,52,-154,1.37,162.55
2025-04-08 21:27:19.343,149,275,313,463,479,0.87,31208,49,-156,1.42,163.52
2025-04-08 21:27:19.512,150,277,322,401,479,0.86,19468,19,-160,1.80,161.13
2025-04-08 21:27:19.675,151,280,331,401,479,0.87,17908,20,-165,1.88,166.22
2025-04-08 21:27:19.847,152,283,338,401,479,0.87,16638,22,-168,1.95,169.45
2025-04-08 21:27:20.012,153,285,339,403,479,0.87,16520,24,-169,1.95,170.71
2025-04-08 21:27:20.178,154,287,340,404,479,0.87,16263,25,-169,1.97,170.85
2025-04-08 21:27:20.345,155,287,340,403,479,0.87,16124,25,-169,1.98,170.85
2025-04-08 21:27:20.512,156,286,341,403,479,0.88,16146,24,-170,1.97,171.70
2025-04-08 21:27:20.681,157,285,340,402,479,0.87,16263,23,-169,1.97,170.57
2025-04-08 21:27:20.845,158,284,341,402,479,0.86,16284,23,-170,1.97,171.56
2025-04-08 21:27:21.012,159,285,341,402,479,0.87,16146,23,-170,1.97,171.56
2025-04-08 21:27:21.179,160,285,336,405,479,0.88,17160,25,-167,1.92,168.87
2025-04-08 21:27:21.345,161,288,325,413,479,0.88,19250,30,-162,1.81,164.76
2025-04-08 21:27:21.510,162,289,312,436,479,0.90,24549,42,-155,1.60,160.60
2025-04-08 21:27:21.678,163,255,300,486,479,0.87,41349,50,-149,1.24,157.17
2025-04-08 21:27:21.848,164,249,290,506,479,0.92,48573,57,-144,1.15,154.88
2025-04-08 21:27:22.013,165,242,282,512,479,0.93,53190,57,-140,1.10,151.16
2025-04-08 21:27:22.178,166,238,276,518,479,0.92,56840,58,-137,1.06,148.78
2025-04-08 21:27:22.348,167,236,272,522,479,0.93,59202,59,-135,1.04,147.33
2025-04-08 21:27:22.513,168,235,269,522,479,0.93,60270,58,-134,1.03,146.02
2025-04-08 21:27:22.679,169,236,268,523,479,0.93,60557,59,-133,1.03,145.50
2025-04-08 21:27:22.847,170,236,268,523,479,0.93,60557,59,-133,1.03,145.50
2025-04-08 21:27:23.014,171,236,268,522,479,0.93,60346,59,-133,1.03,145.50
2025-04-08 21:27:23.179,172,236,268,523,479,0.93,60557,59,-133,1.03,145.50
2025-04-08 21:27:23.345,173,236,267,523,479,0.93,60844,59,-133,1.03,145.50
2025-04-08 21:27:23.513,174,234,265,526,479,0.93,62488,60,-132,1.01,145.00
2025-04-08 21:27:23.681,175,229,261,532,479,0.93,66054,60,-130,0.99,143.18
2025-04-08 21:27:23.847,176,223,251,540,479,0.93,72276,61,-125,0.94,139.09
2025-04-08 21:27:24.015,177,215,242,549,479,0.94,79158,62,-120,0.90,135.07
2025-04-08 21:27:24.179,178,196,225,556,479,0.94,91440,56,-112,0.84,125.22
2025-04-08 21:27:24.347,179,181,205,565,479,0.95,105216,53,-102,0.78,114.95
2025-04-08 21:27:24.515,180,172,185,580,479,0.96,119952,56,-92,0.73,107.71
2025-04-08 21:27:24.681,181,171,170,593,479,0.96,130398,62,-84,0.70,104.41
2025-04-08 21:27:24.847,182,169,157,604,479,0.96,140070,66,-78,0.68,102.18
2025-04-08 21:27:25.013,183,167,145,613,479,0.96,148964,70,-72,0.65,100.42
2025-04-08 21:27:25.181,184,149,119,622,479,0.96,170280,65,-59,0.61,87.79
2025-04-08 21:27:25.349,185,119,99,610,479,0.95,186580,44,-49,0.58,65.86
2025-04-08 21:27:25.516,186,122,115,572,479,0.95,163800,27,-57,0.62,63.07
2025-04-08 21:27:25.680,187,94,151,492,479,0.95,130544,-27,-75,0.70,79.72
2025-04-08 21:27:25.848,188,108,125,527,479,0.96,148326,-3,-62,0.65,62.08
2025-04-08 21:27:26.014,189,112,121,535,479,0.96,151434,3,-60,0.64,60.08
2025-04-08 21:27:26.184,190,63,31,553,479,0.95,219520,-12,-15,0.53,19.22
2025-04-08 21:27:26.349,191,71,21,551,479,0.96,219840,-9,-10,0.53,13.46
2025-04-08 21:27:26.519,192,74,48,543,479,0.96,202139,-12,-23,0.56,25.95
2025-04-08 21:27:26.684,193,63,58,534,479,0.96,198291,-22,-28,0.56,35.61
2025-04-08 21:27:26.848,194,72,77,528,479,0.96,183312,-20,-38,0.59,42.95
2025-04-08 21:27:27.019,195,112,111,522,479,0.95,150880,-3,-55,0.64,55.09
2025-04-08 21:27:27.182,196,142,148,511,479,0.95,122139,6,-73,0.72,73.25
2025-04-08 21:27:27.353,197,165,182,502,479,0.94,100089,13,-90,0.79,90.94
2025-04-08 21:27:27.516,198,185,209,495,479,0.94,83700,20,-104,0.87,105.91
2025-04-08 21:27:27.683,199,199,229,488,479,0.93,72250,23,-114,0.93,116.30
2025-04-08 21:27:27.851,200,205,244,485,479,0.92,65800,25,-121,0.98,123.56
2025-04-08 21:27:28.014,201,209,254,483,479,0.72,61650,26,-126,1.01,128.66
2025-04-08 21:27:28.185,202,210,255,484,479,0.63,61376,27,-127,1.01,129.84
2025-04-08 21:27:28.353,203,207,248,487,479,0.75,64680,27,-123,0.99,125.93
2025-04-08 21:27:28.519,204,197,237,492,479,0.85,71390,24,-118,0.94,120.42
2025-04-08 21:27:28.686,205,176,221,505,479,0.74,84882,20,-110,0.86,111.81
2025-04-08 21:27:28.851,206,161,203,519,479,0.93,98808,20,-101,0.80,102.96
2025-04-08 21:27:29.020,207,153,180,528,479,0.94,112125,20,-89,0.75,91.22
2025-04-08 21:27:29.188,208,150,158,536,479,0.96,123906,23,-78,0.71,81.32
2025-04-08 21:27:29.355,209,145,136,530,479,0.95,132055,17,-67,0.69,69.13
2025-04-08 21:27:29.517,210,143,113,546,479,0.95,147498,24,-56,0.65,60.93
2025-04-08 21:27:29.684,211,143,99,550,479,0.96,154660,26,-49,0.64,55.47
2025-04-08 21:27:29.852,212,144,87,553,479,0.95,160328,28,-43,0.62,51.32
2025-04-08 21:27:30.018,213,155,86,554,479,0.96,156807,34,-42,0.63,54.04
2025-04-08 21:27:30.184,214,159,91,552,479,0.96,152484,35,-45,0.64,57.01
2025-04-08 21:27:30.353,215,161,94,544,479,0.96,147455,32,-46,0.65,56.04
2025-04-08 21:27:30.520,216,158,98,536,479,0.96,144018,27,-48,0.66,55.08
2025-04-08 21:27:30.683,217,154,102,531,479,0.95,142129,22,-50,0.66,54.63
2025-04-08 21:27:30.854,218,147,102,522,479,0.95,141375,14,-50,0.66,51.93
2025-04-08 21:27:31.019,219,136,104,513,479,0.95,141375,4,-51,0.66,51.16
2025-04-08 21:27:31.185,220,124,107,502,479,0.95,140616,-7,-53,0.67,53.46
2025-04-08 21:27:31.353,221,112,111,489,479,0.95,138736,-20,-55,0.67,58.53
2025-04-08 21:27:31.518,222,102,115,480,479,0.94,137592,-29,-57,0.67,63.96
2025-04-08 21:27:31.686,223,91,122,482,479,0.95,139587,-34,-60,0.67,68.97
2025-04-08 21:27:31.852,224,82,128,481,479,0.95,140049,-39,-63,0.67,74.10
2025-04-08 21:27:32.022,225,75,133,476,479,0.95,138746,-45,-66,0.67,79.88
2025-04-08 21:27:32.190,226,69,135,471,479,0.94,138288,-50,-67,0.67,83.60
2025-04-08 21:27:32.353,227,64,136,467,479,0.95,138229,-55,-67,0.67,86.69
2025-04-08 21:27:32.520,228,62,136,466,479,0.95,138572,-56,-67,0.67,87.32
2025-04-08 21:27:32.685,229,62,136,463,479,0.95,137543,-58,-67,0.68,88.62
2025-04-08 21:27:32.855,230,63,134,462,479,0.95,137655,-58,-66,0.68,87.87
2025-04-08 21:27:33.022,231,65,131,463,479,0.94,138504,-56,-65,0.67,85.80
2025-04-08 21:27:33.185,232,68,128,466,479,0.95,139698,-53,-63,0.67,82.33
2025-04-08 21:27:33.353,233,71,123,467,479,0.95,140976,-51,-61,0.67,79.51
2025-04-08 21:27:33.522,234,79,120,473,479,0.94,141446,-44,-59,0.67,73.60
2025-04-08 21:27:33.687,235,93,107,481,479,0.95,144336,-33,-53,0.66,62.44
2025-04-08 21:27:33.856,236,110,103,488,479,0.95,142128,-21,-51,0.66,55.16
2025-04-08 21:27:34.018,237,131,104,507,479,0.95,141000,-1,-51,0.67,51.01
2025-04-08 21:27:34.186,238,155,106,529,479,0.96,139502,22,-52,0.67,56.47
2025-04-08 21:27:34.356,239,178,111,552,479,0.95,137632,45,-55,0.67,71.07
2025-04-08 21:27:34.520,240,205,114,570,479,0.95,133225,67,-56,0.68,87.32
2025-04-08 21:27:34.690,241,225,115,580,479,0.95,129220,82,-57,0.70,99.87
2025-04-08 21:27:34.855,242,235,115,587,479,0.95,128128,91,-57,0.70,107.38
2025-04-08 21:27:35.021,243,239,116,590,479,0.95,127413,94,-57,0.70,109.93
2025-04-08 21:27:35.188,244,240,116,593,479,0.95,128139,96,-57,0.70,111.65
2025-04-08 21:27:35.357,245,240,115,592,479,0.95,128128,96,-57,0.70,111.65
2025-04-08 21:27:35.518,246,238,115,591,479,0.95,128492,94,-57,0.70,109.93
2025-04-08 21:27:35.689,247,238,115,591,479,0.95,128492,94,-57,0.70,109.93
2025-04-08 21:27:35.853,248,236,115,589,479,0.95,128492,92,-57,0.70,108.23
2025-04-08 21:27:36.022,249,235,115,588,479,0.95,128492,91,-57,0.70,107.38
2025-04-08 21:27:36.187,250,235,115,589,479,0.95,128856,92,-57,0.70,108.23
2025-04-08 21:27:36.357,251,234,114,591,479,0.95,130305,92,-56,0.69,107.71
2025-04-08 21:27:36.522,252,233,114,591,479,0.95,130670,92,-56,0.69,107.71
2025-04-08 21:27:36.689,253,232,116,591,479,0.95,130317,91,-57,0.69,107.38
2025-04-08 21:27:36.856,254,230,117,589,479,0.96,129958,89,-58,0.69,106.23
2025-04-08 21:27:37.026,255,227,117,584,479,0.95,129234,85,-58,0.70,102.91
2025-04-08 21:27:37.191,256,223,118,582,479,0.95,129599,82,-58,0.69,100.44
2025-04-08 21:27:37.357,257,221,118,582,479,0.95,130321,81,-58,0.69,99.63
2025-04-08 21:27:37.520,258,220,118,581,479,0.95,130321,80,-58,0.69,98.82
2025-04-08 21:27:37.690,259,220,117,581,479,0.95,130682,80,-58,0.69,98.82
2025-04-08 21:27:37.857,260,220,118,581,479,0.96,130321,80,-58,0.69,98.82
2025-04-08 21:27:38.023,261,220,118,581,479,0.96,130321,80,-58,0.69,98.82
2025-04-08 21:27:38.190,262,220,118,582,479,0.96,130682,81,-58,0.69,99.63
2025-04-08 21:27:38.360,263,220,118,582,479,0.96,130682,81,-58,0.69,99.63
2025-04-08 21:27:38.524,264,219,117,582,479,0.96,131406,80,-58,0.69,98.82
2025-04-08 21:27:38.690,265,218,117,581,479,0.96,131406,79,-58,0.69,98.01
2025-04-08 21:27:38.861,266,216,117,580,479,0.95,131768,78,-58,0.69,97.20
2025-04-08 21:27:39.060,267,216,117,580,479,0.95,131768,78,-58,0.69,97.20
2025-04-08 21:27:39.227,268,216,116,580,479,0.95,132132,78,-57,0.69,96.61
2025-04-08 21:27:39.391,269,216,116,580,479,0.95,132132,78,-57,0.69,96.61
2025-04-08 21:27:39.560,270,217,117,581,479,0.96,131768,79,-58,0.69,98.01
2025-04-08 21:27:39.723,271,217,117,580,479,0.96,131406,78,-58,0.69,97.20
2025-04-08 21:27:39.890,272,217,118,580,479,0.95,131043,78,-58,0.69,97.20
2025-04-08 21:27:40.059,273,217,120,580,479,0.96,130317,78,-59,0.69,97.80
2025-04-08 21:27:40.224,274,217,120,580,479,0.95,130317,78,-59,0.69,97.80
2025-04-08 21:27:40.391,275,217,119,580,479,0.95,130680,78,-59,0.69,97.80
2025-04-08 21:27:40.559,276,216,118,580,479,0.95,131404,78,-58,0.69,97.20
2025-04-08 21:27:40.723,277,216,119,580,479,0.96,131040,78,-59,0.69,97.80
2025-04-08 21:27:40.894,278,216,118,580,479,0.96,131404,78,-58,0.69,97.20
2025-04-08 21:27:41.058,279,216,118,580,479,0.95,131404,78,-58,0.69,97.20
2025-04-08 21:27:41.225,280,216,118,580,479,0.95,131404,78,-58,0.69,97.20
2025-04-08 21:27:41.394,281,216,119,580,479,0.95,131040,78,-59,0.69,97.80
2025-04-08 21:27:41.560,282,216,119,580,479,0.95,131040,78,-59,0.69,97.80
2025-04-08 21:27:41.727,283,215,116,577,479,0.95,131406,76,-57,0.69,95.00
2025-04-08 21:27:41.891,284,211,118,573,479,0.95,130682,72,-58,0.69,92.46
2025-04-08 21:27:42.057,285,209,120,590,479,0.95,136779,79,-59,0.68,98.60
2025-04-08 21:27:42.227,286,209,121,615,479,0.95,145348,92,-60,0.66,109.84
2025-04-08 21:27:42.395,287,211,117,593,479,0.95,138284,82,-58,0.67,100.44
2025-04-08 21:27:42.559,288,214,111,597,479,0.96,140944,85,-55,0.67,101.24
2025-04-08 21:27:42.729,289,220,108,607,479,0.96,143577,93,-53,0.66,107.04
2025-04-08 21:27:42.893,290,221,103,617,479,0.96,148896,99,-51,0.65,111.37
2025-04-08 21:27:43.065,291,222,97,625,479,0.96,153946,103,-48,0.64,113.64
2025-04-08 21:27:43.262,292,222,97,634,479,0.96,157384,108,-48,0.63,118.19
2025-04-08 21:27:43.429,293,222,100,623,479,0.96,151979,102,-49,0.64,113.16
2025-04-08 21:27:43.593,294,223,102,621,479,0.96,150046,102,-50,0.65,113.60
2025-04-08 21:27:43.760,295,224,103,622,479,0.96,149648,103,-51,0.65,114.94
2025-04-08 21:27:43.928,296,225,103,623,479,0.96,149648,104,-51,0.65,115.83
2025-04-08 21:27:44.091,297,225,103,623,479,0.96,149648,104,-51,0.65,115.83
2025-04-08 21:27:44.268,298,225,104,623,479,0.96,149250,104,-51,0.65,115.83
2025-04-08 21:27:44.462,299,225,104,623,479,0.96,149250,104,-51,0.65,115.83
2025-04-08 21:27:44.627,300,225,104,626,479,0.96,150375,105,-51,0.65,116.73
2025-04-08 21:27:44.794,301,225,103,627,479,0.96,151152,106,-51,0.64,117.63
2025-04-08 21:27:44.964,302,225,104,630,479,0.96,151875,107,-51,0.64,118.53
2025-04-08 21:27:45.130,303,225,104,630,479,0.96,151875,107,-51,0.64,118.53
2025-04-08 21:27:45.296,304,225,103,629,479,0.95,151904,107,-51,0.64,118.53
2025-04-08 21:27:45.461,305,225,104,627,479,0.96,150750,106,-51,0.64,117.63
2025-04-08 21:27:45.626,306,225,104,626,479,0.96,150375,105,-51,0.65,116.73
2025-04-08 21:27:45.795,307,225,104,625,479,0.96,150000,105,-51,0.65,116.73
2025-04-08 21:27:45.967,308,225,104,624,479,0.96,149625,104,-51,0.65,115.83
2025-04-08 21:27:46.167,309,225,104,624,479,0.96,149625,104,-51,0.65,115.83
2025-04-08 21:27:46.364,310,222,101,622,479,0.96,151200,102,-50,0.64,113.60
2025-04-08 21:27:46.530,311,215,93,620,479,0.96,156330,97,-46,0.63,107.36
2025-04-08 21:27:46.697,312,207,95,601,479,0.95,151296,84,-47,0.64,96.26
2025-04-08 21:27:46.861,313,206,96,597,479,0.96,149753,81,-47,0.65,93.65
2025-04-08 21:27:47.032,314,206,101,596,479,0.96,147420,81,-50,0.65,95.19
2025-04-08 21:27:47.194,315,205,100,595,479,0.96,147810,80,-49,0.65,93.82
2025-04-08 21:27:47.366,316,206,101,598,479,0.96,148176,82,-50,0.65,96.04
2025-04-08 21:27:47.529,317,206,99,600,479,0.96,149720,83,-49,0.65,96.39
2025-04-08 21:27:47.694,318,206,98,600,479,0.96,150114,83,-48,0.65,95.88
2025-04-08 21:27:47.865,319,207,100,600,479,0.95,148947,83,-49,0.65,96.39
2025-04-08 21:27:48.037,320,206,99,600,479,0.96,149720,83,-49,0.65,96.39
2025-04-08 21:27:48.232,321,206,99,600,479,0.95,149720,83,-49,0.65,96.39
2025-04-08 21:27:48.395,322,206,98,600,479,0.95,150114,83,-48,0.65,95.88
2025-04-08 21:27:48.564,323,206,99,600,479,0.96,149720,83,-49,0.65,96.39
2025-04-08 21:27:48.733,324,207,100,600,479,0.95,148947,83,-49,0.65,96.39
2025-04-08 21:27:48.897,325,207,99,601,479,0.95,149720,84,-49,0.65,97.25
2025-04-08 21:27:49.066,326,206,98,601,479,0.96,150495,83,-48,0.64,95.88
2025-04-08 21:27:49.233,327,206,98,600,479,0.96,150114,83,-48,0.65,95.88
2025-04-08 21:27:49.402,328,206,97,600,479,0.96,150508,83,-48,0.64,95.88
2025-04-08 21:27:49.601,329,205,97,600,479,0.96,150890,82,-48,0.64,95.02
2025-04-08 21:27:49.765,330,205,97,601,479,0.96,151272,83,-48,0.64,95.88
2025-04-08 21:27:49.933,331,205,98,600,479,0.96,150495,82,-48,0.64,95.02
2025-04-08 21:27:50.100,332,205,97,600,479,0.96,150890,82,-48,0.64,95.02
2025-04-08 21:27:50.266,333,205,97,600,479,0.96,150890,82,-48,0.64,95.02
2025-04-08 21:27:50.438,334,205,97,601,479,0.96,151272,83,-48,0.64,95.88
2025-04-08 21:27:50.609,335,204,97,601,479,0.96,151654,82,-48,0.64,95.02
2025-04-08 21:27:50.804,336,203,97,599,479,0.96,151272,81,-48,0.64,94.16
2025-04-08 21:27:51.003,337,200,96,598,479,0.96,152434,79,-47,0.64,91.93
2025-04-08 21:27:51.211,338,196,95,597,479,0.96,153984,76,-47,0.64,89.36
2025-04-08 21:27:51.416,339,189,94,596,479,0.96,156695,72,-46,0.63,85.44
2025-04-08 21:27:51.609,340,183,92,595,479,0.96,159444,69,-45,0.63,82.38
2025-04-08 21:27:51.803,341,176,89,597,479,0.96,164190,66,-44,0.62,79.32
2025-04-08 21:27:52.005,342,173,87,598,479,0.96,166600,65,-43,0.61,77.94
2025-04-08 21:27:52.212,343,170,85,597,479,0.96,168238,63,-42,0.61,75.72
2025-04-08 21:27:52.403,344,167,87,599,479,0.95,169344,63,-43,0.61,76.28
2025-04-08 21:27:52.605,345,166,85,599,479,0.95,170602,62,-42,0.61,74.89
2025-04-08 21:27:52.798,346,165,84,599,479,0.95,171430,62,-41,0.60,74.33
2025-04-08 21:27:52.969,347,166,84,600,479,0.96,171430,63,-41,0.60,75.17
2025-04-08 21:27:53.137,348,165,85,600,479,0.96,171390,62,-42,0.60,74.89
2025-04-08 21:27:53.334,349,165,85,600,479,0.96,171390,62,-42,0.60,74.89
2025-04-08 21:27:53.512,350,165,84,600,479,0.96,171825,62,-41,0.60,74.33
2025-04-08 21:27:53.703,351,165,84,599,479,0.96,171430,62,-41,0.60,74.33
2025-04-08 21:27:53.868,352,166,84,599,479,0.96,171035,62,-41,0.61,74.33
2025-04-08 21:27:54.035,353,166,84,600,479,0.96,171430,63,-41,0.60,75.17
2025-04-08 21:27:54.201,354,166,84,600,479,0.96,171430,63,-41,0.60,75.17
2025-04-08 21:27:54.374,355,165,84,599,479,0.96,171430,62,-41,0.60,74.33
2025-04-08 21:27:54.574,356,167,81,599,479,0.96,171936,63,-40,0.60,74.63
2025-04-08 21:27:54.775,357,169,75,594,479,0.96,171700,61,-37,0.60,71.35
2025-04-08 21:27:54.984,358,184,81,587,479,0.96,160394,65,-40,0.62,76.32
2025-04-08 21:27:55.181,359,191,96,577,479,0.96,147838,64,-47,0.65,79.41
2025-04-08 21:27:55.369,360,193,99,576,479,0.95,145540,64,-49,0.66,80.61
2025-04-08 21:27:55.534,361,194,99,577,479,0.96,145540,65,-49,0.66,81.40
2025-04-08 21:27:55.702,362,193,98,578,479,0.96,146685,65,-48,0.65,80.80
2025-04-08 21:27:55.869,363,191,97,578,479,0.96,147834,64,-48,0.65,80.00
2025-04-08 21:27:56.032,364,191,97,578,479,0.96,147834,64,-48,0.65,80.00
2025-04-08 21:27:56.201,365,191,97,577,479,0.96,147452,64,-48,0.65,80.00
2025-04-08 21:27:56.365,366,190,98,577,479,0.96,147447,63,-48,0.65,79.20
2025-04-08 21:27:56.538,367,189,104,575,479,0.96,144750,62,-51,0.66,80.28
2025-04-08 21:27:56.704,368,190,102,576,479,0.96,145522,63,-50,0.66,80.43
2025-04-08 21:27:56.870,369,190,101,576,479,0.96,145908,63,-50,0.65,80.43
2025-04-08 21:27:57.037,370,189,101,576,479,0.96,146286,62,-50,0.65,79.65
2025-04-08 21:27:57.204,371,189,101,576,479,0.96,146286,62,-50,0.65,79.65
2025-04-08 21:27:57.373,372,190,101,576,479,0.96,145908,63,-50,0.65,80.43
2025-04-08 21:27:57.571,373,190,100,577,479,0.96,146673,63,-49,0.65,79.81
2025-04-08 21:27:57.738,374,191,101,577,479,0.96,145908,64,-50,0.65,81.22
2025-04-08 21:27:57.903,375,193,102,578,479,0.96,145145,65,-50,0.66,82.01
2025-04-08 21:27:58.067,376,194,103,578,479,0.96,144384,66,-51,0.66,83.41
2025-04-08 21:27:58.237,377,195,104,579,479,0.96,144000,67,-51,0.66,84.20
2025-04-08 21:27:58.403,378,197,104,581,479,0.96,144000,69,-51,0.66,85.80
2025-04-08 21:27:58.569,379,201,105,585,479,0.95,143616,73,-52,0.66,89.63
2025-04-08 21:27:58.741,380,208,107,590,479,0.95,142104,79,-53,0.66,95.13
2025-04-08 21:27:58.939,381,219,111,602,479,0.96,140944,90,-55,0.67,105.48
2025-04-08 21:27:59.107,382,226,112,609,479,0.95,140561,97,-55,0.67,111.51
2025-04-08 21:27:59.273,383,228,113,612,479,0.95,140544,100,-56,0.67,114.61
2025-04-08 21:27:59.436,384,225,112,609,479,0.95,140928,97,-55,0.67,111.51
2025-04-08 21:27:59.603,385,218,109,601,479,0.96,141710,89,-54,0.66,104.10
2025-04-08 21:27:59.773,386,203,106,584,479,0.95,142113,73,-52,0.66,89.63
2025-04-08 21:27:59.937,387,178,105,564,479,0.96,144364,51,-52,0.66,72.84
2025-04-08 21:28:00.108,388,153,109,544,479,0.96,144670,28,-54,0.66,60.83
2025-04-08 21:28:00.273,389,139,110,530,479,0.95,144279,14,-54,0.66,55.79
2025-04-08 21:28:00.439,390,132,109,526,479,0.95,145780,9,-54,0.66,54.75
2025-04-08 21:28:00.604,391,131,108,524,479,0.96,145803,7,-53,0.65,53.46
2025-04-08 21:28:00.772,392,130,107,525,479,0.96,146940,7,-53,0.65,53.46
2025-04-08 21:28:00.938,393,134,106,529,479,0.96,147335,11,-52,0.65,53.15
2025-04-08 21:28:01.105,394,139,106,535,479,0.95,147708,17,-52,0.65,54.71
2025-04-08 21:28:01.270,395,146,104,542,479,0.96,148500,24,-51,0.65,56.37
2025-04-08 21:28:01.440,396,151,103,544,479,0.96,147768,27,-51,0.65,57.71
2025-04-08 21:28:01.606,397,152,102,545,479,0.96,148161,28,-50,0.65,57.31
2025-04-08 21:28:01.774,398,152,103,545,479,0.96,147768,28,-51,0.65,58.18
2025-04-08 21:28:01.941,399,150,104,543,479,0.96,147375,26,-51,0.65,57.25
2025-04-08 21:28:02.105,400,147,105,541,479,0.96,147356,24,-52,0.65,57.27
2025-04-08 21:28:02.277,401,144,105,538,479,0.96,147356,21,-52,0.65,56.08
2025-04-08 21:28:02.475,402,140,105,535,479,0.96,147730,17,-52,0.65,54.71
2025-04-08 21:28:02.640,403,138,105,533,479,0.96,147730,15,-52,0.65,54.12
2025-04-08 21:28:02.808,404,138,105,532,479,0.96,147356,15,-52,0.65,54.12
2025-04-08 21:28:02.974,405,137,104,531,479,0.96,147750,14,-51,0.65,52.89
2025-04-08 21:28:03.140,406,136,107,530,479,0.96,146568,13,-53,0.65,54.57
2025-04-08 21:28:03.307,407,135,108,528,479,0.95,145803,11,-53,0.65,54.13
2025-04-08 21:28:03.472,408,133,108,526,479,0.95,145803,9,-53,0.65,53.76
2025-04-08 21:28:03.641,409,133,109,524,479,0.95,144670,8,-54,0.66,54.59
2025-04-08 21:28:03.806,410,133,108,524,479,0.96,145061,8,-53,0.66,53.60
2025-04-08 21:28:03.973,411,133,108,524,479,0.96,145061,8,-53,0.66,53.60
2025-04-08 21:28:04.141,412,133,107,525,479,0.96,145824,9,-53,0.65,53.76
2025-04-08 21:28:04.307,413,133,106,525,479,0.96,146216,9,-52,0.65,52.78
2025-04-08 21:28:04.476,414,132,107,525,479,0.95,146196,8,-53,0.65,53.60
2025-04-08 21:28:04.639,415,132,109,527,479,0.95,146150,9,-54,0.65,54.75
2025-04-08 21:28:04.810,416,134,109,527,479,0.96,145410,10,-54,0.66,54.92
2025-04-08 21:28:04.977,417,134,106,528,479,0.95,146962,11,-52,0.65,53.15
2025-04-08 21:28:05.142,418,135,105,529,479,0.95,147356,12,-52,0.65,53.37
2025-04-08 21:28:05.308,419,135,103,530,479,0.95,148520,12,-51,0.65,52.40
2025-04-08 21:28:05.474,420,135,104,530,479,0.96,148125,12,-51,0.65,52.40
2025-04-08 21:28:05.643,421,135,103,530,479,0.96,148520,12,-51,0.65,52.40
2025-04-08 21:28:05.807,422,135,101,531,479,0.95,149688,13,-50,0.65,51.67
2025-04-08 21:28:05.979,423,135,102,531,479,0.96,149292,13,-50,0.65,51.67
2025-04-08 21:28:06.176,424,136,102,531,479,0.96,148915,13,-50,0.65,51.67
2025-04-08 21:28:06.343,425,136,101,531,479,0.96,149310,13,-50,0.65,51.67
2025-04-08 21:28:06.510,426,136,102,533,479,0.96,149669,14,-50,0.65,51.93
2025-04-08 21:28:06.675,427,135,102,537,479,0.96,151554,16,-50,0.64,52.50
2025-04-08 21:28:06.857,428,139,102,536,479,0.95,149669,17,-50,0.65,52.81
2025-04-08 21:28:07.050,429,147,103,543,479,0.96,148896,25,-51,0.65,56.80
2025-04-08 21:28:07.247,430,149,106,553,479,0.96,150692,31,-52,0.64,60.54
2025-04-08 21:28:07.460,431,145,101,564,479,0.96,158382,34,-50,0.63,60.47
2025-04-08 21:28:07.648,432,141,98,578,479,0.96,166497,39,-48,0.61,61.85
2025-04-08 21:28:07.848,433,137,95,587,479,0.96,172800,42,-47,0.60,63.03
2025-04-08 21:28:08.045,434,134,95,586,479,0.96,173568,40,-47,0.60,61.72
2025-04-08 21:28:08.210,435,133,96,585,479,0.96,173116,39,-47,0.60,61.08
2025-04-08 21:28:08.380,436,132,94,585,479,0.96,174405,38,-46,0.60,59.67
2025-04-08 21:28:15.895,2,156,73,576,479,0.96,170520,46,-36,0.61,58.42
2025-04-08 21:28:16.096,3,155,73,574,479,0.96,170114,44,-36,0.61,56.85
2025-04-08 21:28:16.293,4,156,76,611,479,0.95,183365,63,-37,0.58,73.06
2025-04-08 21:28:16.456,5,150,74,574,479,0.96,171720,42,-36,0.60,55.32
2025-04-08 21:28:16.654,6,157,79,571,479,0.96,165600,44,-39,0.61,58.80
2025-04-08 21:28:16.824,7,159,85,568,479,0.96,161146,43,-42,0.62,60.11
2025-04-08 21:28:16.994,8,163,86,563,479,0.96,157200,43,-42,0.63,60.11
2025-04-08 21:28:17.156,9,163,89,562,479,0.96,155610,42,-44,0.63,60.83
2025-04-08 21:28:17.324,10,160,86,562,479,0.96,157986,41,-42,0.63,58.70
2025-04-08 21:28:17.491,11,159,86,563,479,0.96,158772,41,-42,0.63,58.70
2025-04-08 21:28:17.658,12,157,85,558,479,0.96,157994,37,-42,0.63,55.98
2025-04-08 21:28:17.826,13,159,86,559,479,0.96,157200,39,-42,0.63,57.32
2025-04-08 21:28:17.991,14,160,87,562,479,0.96,157584,41,-43,0.63,59.42
2025-04-08 21:28:18.159,15,161,86,566,479,0.96,159165,43,-42,0.63,60.11
2025-04-08 21:28:18.324,16,162,82,566,479,0.96,160388,44,-40,0.62,59.47
2025-04-08 21:28:18.490,17,161,83,565,479,0.96,159984,43,-41,0.63,59.42
2025-04-08 21:28:18.656,18,163,85,566,479,0.96,158782,44,-42,0.63,60.83
2025-04-08 21:28:18.827,19,163,86,567,479,0.96,158772,45,-42,0.63,61.56
2025-04-08 21:28:18.993,20,162,84,568,479,0.96,160370,45,-41,0.62,60.88
2025-04-08 21:28:19.159,21,160,82,567,479,0.96,161579,43,-40,0.62,58.73
2025-04-08 21:28:19.326,22,159,84,567,479,0.96,161160,43,-41,0.62,59.42
2025-04-08 21:28:19.503,23,162,84,569,479,0.96,160765,45,-41,0.62,60.88
2025-04-08 21:28:19.698,24,161,87,575,479,0.96,162288,48,-43,0.62,64.45
2025-04-08 21:28:19.896,25,151,87,584,479,0.96,169736,47,-43,0.61,63.71
2025-04-08 21:28:20.081,26,145,83,593,479,0.96,177408,49,-41,0.59,63.89
2025-04-08 21:28:20.267,27,142,86,605,479,0.96,181959,53,-42,0.59,67.63
2025-04-08 21:28:20.464,28,138,88,607,479,0.96,183379,52,-43,0.59,67.48
2025-04-08 21:28:20.664,29,139,89,607,479,0.96,182520,53,-44,0.59,68.89
2025-04-08 21:28:20.860,30,139,89,609,479,0.96,183300,54,-44,0.59,69.66
2025-04-08 21:28:21.029,31,138,90,609,479,0.96,183219,53,-44,0.59,68.89
2025-04-08 21:28:21.201,32,138,88,608,479,0.96,183770,53,-43,0.59,68.25
2025-04-08 21:28:21.394,33,138,88,607,479,0.96,183379,52,-43,0.59,67.48
2025-04-08 21:28:21.561,34,137,87,607,479,0.96,184240,52,-43,0.58,67.48
2025-04-08 21:28:21.729,35,138,87,608,479,0.96,184240,53,-43,0.58,68.25
2025-04-08 21:28:21.896,36,137,86,608,479,0.96,185103,52,-42,0.58,66.85
2025-04-08 21:28:22.063,37,137,87,608,479,0.96,184632,52,-43,0.58,67.48
2025-04-08 21:28:22.229,38,137,87,608,479,0.96,184632,52,-43,0.58,67.48
2025-04-08 21:28:22.392,39,137,86,609,479,0.96,185496,53,-42,0.58,67.63
2025-04-08 21:28:22.562,40,137,86,609,479,0.96,185496,53,-42,0.58,67.63
2025-04-08 21:28:22.743,41,136,81,609,479,0.96,188254,52,-40,0.58,65.61
2025-04-08 21:28:22.934,42,143,63,594,479,0.96,187616,48,-31,0.58,57.14
2025-04-08 21:28:23.132,43,162,79,568,479,0.96,162400,45,-39,0.62,59.55
2025-04-08 21:28:23.340,44,173,105,550,479,0.95,140998,41,-52,0.67,66.22
2025-04-08 21:28:23.527,45,173,113,540,479,0.95,134322,36,-56,0.68,66.58
2025-04-08 21:28:23.696,46,170,109,536,479,0.95,135420,33,-54,0.68,63.29
2025-04-08 21:28:23.861,47,168,109,535,479,0.95,135790,31,-54,0.68,62.27
2025-04-08 21:28:24.026,48,168,106,535,479,0.96,136891,31,-52,0.68,60.54
2025-04-08 21:28:24.196,49,167,106,534,479,0.96,136891,30,-52,0.68,60.04
2025-04-08 21:28:24.361,50,167,106,535,479,0.96,137264,31,-52,0.67,60.54
2025-04-08 21:28:24.529,51,167,105,535,479,0.95,137632,31,-52,0.67,60.54
2025-04-08 21:28:24.694,52,167,110,536,479,0.96,136161,31,-54,0.68,62.27
2025-04-08 21:28:24.862,53,166,104,536,479,0.95,138750,31,-51,0.67,59.69
2025-04-08 21:28:25.027,54,166,105,536,479,0.95,138380,31,-52,0.67,60.54
2025-04-08 21:28:25.195,55,166,104,536,479,0.95,138750,31,-51,0.67,59.69
2025-04-08 21:28:25.360,56,166,104,536,479,0.95,138750,31,-51,0.67,59.69
2025-04-08 21:28:25.530,57,166,103,535,479,0.95,138744,30,-51,0.67,59.17
2025-04-08 21:28:25.695,58,165,104,535,479,0.95,138750,30,-51,0.67,59.17
2025-04-08 21:28:25.860,59,166,101,538,479,0.95,140616,32,-50,0.67,59.37
2025-04-08 21:28:26.029,60,167,106,541,479,0.96,139502,34,-52,0.67,62.13
2025-04-08 21:28:26.197,61,166,106,546,479,0.95,141740,36,-52,0.66,63.25
2025-04-08 21:28:26.363,62,166,103,548,479,0.96,143632,37,-51,0.66,63.01
2025-04-08 21:28:26.533,63,163,93,552,479,0.96,150154,37,-46,0.65,59.04
2025-04-08 21:28:26.697,64,159,85,555,479,0.96,156024,37,-42,0.63,55.98
2025-04-08 21:28:26.862,65,157,82,559,479,0.96,159594,38,-40,0.63,55.18
2025-04-08 21:28:27.032,66,157,81,564,479,0.96,161986,40,-40,0.62,56.57
2025-04-08 21:28:27.194,67,158,82,564,479,0.96,161182,41,-40,0.62,57.28
2025-04-08 21:28:27.365,68,155,84,565,479,0.96,161950,40,-41,0.62,57.28
2025-04-08 21:28:27.530,69,153,82,568,479,0.96,164755,40,-40,0.62,56.57
2025-04-08 21:28:27.697,70,152,77,570,479,0.96,168036,41,-38,0.61,55.91
2025-04-08 21:28:27.863,71,149,75,572,479,0.96,170892,40,-37,0.60,54.49
2025-04-08 21:28:28.030,72,143,73,571,479,0.96,173768,37,-36,0.60,51.63
2025-04-08 21:28:28.202,73,144,74,571,479,0.96,172935,37,-36,0.60,51.63
2025-04-08 21:28:28.395,74,143,75,571,479,0.96,172912,37,-37,0.60,52.33
2025-04-08 21:28:28.566,75,142,73,571,479,0.96,174174,36,-36,0.60,50.92
2025-04-08 21:28:28.732,76,143,74,570,479,0.96,172935,36,-36,0.60,50.92
2025-04-08 21:28:28.900,77,143,75,571,479,0.96,172912,37,-37,0.60,52.33
2025-04-08 21:28:29.064,78,143,75,571,479,0.96,172912,37,-37,0.60,52.33
2025-04-08 21:28:29.234,79,143,73,572,479,0.96,174174,37,-36,0.60,51.63
2025-04-08 21:28:29.399,80,142,74,572,479,0.96,174150,37,-36,0.60,51.63
2025-04-08 21:28:29.565,81,142,75,572,479,0.96,173720,37,-37,0.60,52.33
2025-04-08 21:28:29.732,82,145,75,573,479,0.96,172912,39,-37,0.60,53.76
2025-04-08 21:28:29.901,83,147,77,573,479,0.96,171252,40,-38,0.60,55.18
2025-04-08 21:28:30.065,84,149,75,574,479,0.96,171700,41,-37,0.60,55.23
2025-04-08 21:28:30.230,85,146,74,573,479,0.96,172935,39,-36,0.60,53.08
2025-04-08 21:28:30.400,86,144,73,573,479,0.96,174174,38,-36,0.60,52.35
2025-04-08 21:28:30.567,87,146,73,572,479,0.96,172956,39,-36,0.60,53.08
2025-04-08 21:28:30.734,88,146,73,572,479,0.96,172956,39,-36,0.60,53.08
2025-04-08 21:28:30.898,89,149,73,573,479,0.96,172144,41,-36,0.60,54.57
2025-04-08 21:28:31.065,90,148,74,572,479,0.96,171720,40,-36,0.60,53.82
2025-04-08 21:28:31.231,91,151,70,572,479,0.96,172189,41,-34,0.60,53.27
2025-04-08 21:28:31.397,92,147,73,572,479,0.96,172550,39,-36,0.60,53.08
2025-04-08 21:28:31.570,93,148,72,572,479,0.96,172568,40,-35,0.60,53.15
2025-04-08 21:28:31.735,94,150,74,572,479,0.96,170910,41,-36,0.60,54.57
2025-04-08 21:28:31.897,95,150,74,572,479,0.96,170910,41,-36,0.60,54.57
2025-04-08 21:28:32.067,96,148,73,572,479,0.96,172144,40,-36,0.60,53.82
2025-04-08 21:28:32.247,97,149,70,572,479,0.95,173007,40,-34,0.60,52.50
2025-04-08 21:28:32.437,98,148,73,573,479,0.96,172550,40,-36,0.60,53.82
2025-04-08 21:28:32.599,99,147,73,572,479,0.96,172550,39,-36,0.60,53.08
2025-04-08 21:28:32.766,100,144,72,573,479,0.96,174603,38,-35,0.60,51.67
2025-04-08 21:28:32.938,101,145,73,572,479,0.96,173362,38,-36,0.60,52.35
2025-04-08 21:28:33.138,102,145,75,572,479,0.96,172508,38,-37,0.60,53.04
2025-04-08 21:28:33.339,103,147,71,572,479,0.96,173400,39,-35,0.60,52.41
2025-04-08 21:28:33.536,104,145,74,571,479,0.96,172530,38,-36,0.60,52.35
2025-04-08 21:28:33.741,105,144,74,571,479,0.96,172935,37,-36,0.60,51.63
2025-04-08 21:28:33.939,106,143,73,571,479,0.96,173768,37,-36,0.60,51.63
2025-04-08 21:28:34.136,107,142,73,571,479,0.96,174174,36,-36,0.60,50.92
2025-04-08 21:28:34.301,108,144,74,571,479,0.96,172935,37,-36,0.60,51.63
2025-04-08 21:28:34.470,109,144,74,570,479,0.96,172530,37,-36,0.60,51.63
2025-04-08 21:28:34.638,110,145,73,570,479,0.96,172550,37,-36,0.60,51.63
2025-04-08 21:28:34.800,111,144,74,570,479,0.96,172530,37,-36,0.60,51.63
2025-04-08 21:28:34.968,112,143,74,571,479,0.96,173340,37,-36,0.60,51.63
2025-04-08 21:28:35.136,113,142,73,571,479,0.96,174174,36,-36,0.60,50.92
2025-04-08 21:28:35.300,114,142,73,570,479,0.96,173768,36,-36,0.60,50.92
2025-04-08 21:28:35.467,115,143,75,570,479,0.96,172508,36,-37,0.60,51.63
2025-04-08 21:28:35.638,116,144,73,571,479,0.96,173362,37,-36,0.60,51.63
2025-04-08 21:28:35.802,117,142,74,572,479,0.96,174150,37,-36,0.60,51.63
2025-04-08 21:34:04.271,2,61,113,638,479,0.96,211182,29,-56,0.56,63.07
2025-04-08 21:34:04.271,2,19,420,93,479,0.68,4366,-264,-209,3.81,336.74
2025-04-08 21:34:04.476,3,61,113,638,479,0.96,211182,29,-56,0.56,63.07
2025-04-08 21:34:04.661,4,60,113,638,479,0.96,211548,29,-56,0.56,63.07
2025-04-08 21:34:04.827,5,59,112,638,479,0.96,212493,28,-55,0.56,61.72
2025-04-08 21:34:05.027,6,59,112,638,479,0.96,212493,28,-55,0.56,61.72
2025-04-08 21:34:05.027,6,19,421,92,479,0.65,4234,-265,-210,3.87,338.14
2025-04-08 21:34:05.196,7,59,109,638,479,0.96,214230,28,-54,0.55,60.83
2025-04-08 21:34:05.360,8,56,100,617,479,0.96,212619,16,-49,0.55,51.55
2025-04-08 21:34:05.527,9,58,100,599,479,0.94,205039,8,-49,0.56,49.65
2025-04-08 21:34:05.694,10,59,107,582,479,0.94,194556,0,-53,0.58,53.00
2025-04-08 21:34:05.861,11,60,109,580,479,0.95,192400,0,-54,0.58,54.00
2025-04-08 21:34:06.026,12,60,110,579,479,0.95,191511,-1,-54,0.58,54.01
2025-04-08 21:34:06.199,13,60,110,579,479,0.96,191511,-1,-54,0.58,54.01
2025-04-08 21:34:06.403,14,61,110,568,479,0.95,187083,-6,-54,0.59,54.34
2025-04-08 21:34:06.598,15,61,111,559,479,0.95,183264,-10,-55,0.59,55.90
2025-04-08 21:34:06.764,16,61,111,560,479,0.95,183632,-10,-55,0.59,55.90
2025-04-08 21:34:06.930,17,67,108,609,479,0.95,201082,18,-53,0.57,55.98
2025-04-08 21:34:07.095,18,83,111,622,479,0.95,198352,32,-55,0.57,63.63
2025-04-08 21:34:07.262,19,90,89,578,479,0.94,190320,14,-44,0.58,46.18
2025-04-08 21:34:07.262,19,6,409,127,479,0.61,8470,-254,-204,2.82,325.79
2025-04-08 21:34:07.425,20,150,102,585,479,0.95,163995,47,-50,0.62,68.62
2025-04-08 21:34:07.426,20,9,420,127,479,0.71,6962,-252,-209,3.18,327.41
2025-04-08 21:34:07.595,21,205,109,608,479,0.95,149110,86,-54,0.65,101.55
2025-04-08 21:34:07.596,21,10,423,126,479,0.69,6496,-252,-211,3.31,328.69
2025-04-08 21:34:07.596,21,59,385,144,478,0.65,7905,-219,-191,2.81,290.60
2025-04-08 21:34:07.764,22,219,110,627,479,0.95,150552,103,-54,0.65,116.30
2025-04-08 21:34:07.764,22,10,424,126,479,0.70,6380,-252,-211,3.35,328.69
2025-04-08 21:34:07.765,22,58,386,144,478,0.65,7912,-219,-192,2.81,291.26
2025-04-08 21:34:07.932,23,221,106,635,479,0.95,154422,108,-52,0.64,119.87
2025-04-08 21:34:08.094,24,233,103,639,479,0.96,152656,116,-51,0.64,126.72
2025-04-08 21:34:08.263,25,216,89,639,479,0.94,164970,107,-44,0.62,115.70
2025-04-08 21:34:08.428,26,215,81,639,479,0.96,168752,107,-40,0.61,114.23
2025-04-08 21:34:08.593,27,206,81,639,479,0.95,172334,102,-40,0.60,109.56
2025-04-08 21:34:08.764,28,88,105,512,479,0.94,158576,-20,-52,0.63,55.72
2025-04-08 21:34:08.927,29,66,83,493,479,0.95,169092,-41,-41,0.61,57.99
2025-04-08 21:34:09.097,30,71,80,503,479,0.96,172368,-33,-39,0.60,51.09
2025-04-08 21:34:09.263,31,76,82,507,479,0.96,171107,-29,-40,0.60,49.41
2025-04-08 21:34:09.428,32,81,85,505,479,0.96,167056,-27,-42,0.61,49.93
2025-04-08 21:34:09.597,33,82,87,502,479,0.96,164640,-28,-43,0.62,51.32
2025-04-08 21:34:09.760,34,82,87,498,479,0.96,163072,-30,-43,0.62,52.43
2025-04-08 21:34:09.929,35,81,87,496,479,0.96,162680,-32,-43,0.62,53.60
2025-04-08 21:34:10.097,36,81,86,495,479,0.95,162702,-32,-42,0.62,52.81
2025-04-08 21:34:10.262,37,82,87,492,479,0.95,160720,-33,-43,0.62,54.21
2025-04-08 21:34:10.428,38,82,87,492,479,0.95,160720,-33,-43,0.62,54.21
2025-04-08 21:34:10.596,39,82,88,492,479,0.95,160310,-33,-43,0.62,54.21
2025-04-08 21:34:10.762,40,83,88,491,479,0.95,159528,-33,-43,0.63,54.21
2025-04-08 21:34:10.931,41,79,89,497,479,0.94,163020,-32,-44,0.62,54.41
2025-04-08 21:34:11.093,42,79,89,500,479,0.94,164190,-31,-44,0.62,53.83
2025-04-08 21:34:11.265,43,80,89,492,479,0.95,160680,-34,-44,0.62,55.61
2025-04-08 21:34:11.431,44,80,89,494,479,0.95,161460,-33,-44,0.62,55.00
2025-04-08 21:34:11.598,45,80,88,494,479,0.95,161874,-33,-43,0.62,54.21
2025-04-08 21:34:11.763,46,80,89,493,479,0.95,161070,-34,-44,0.62,55.61
2025-04-08 21:34:11.932,47,80,89,494,479,0.95,161460,-33,-44,0.62,55.00
2025-04-08 21:34:12.100,48,79,89,493,479,0.95,161460,-34,-44,0.62,55.61
2025-04-08 21:34:12.265,49,79,89,494,479,0.95,161850,-34,-44,0.62,55.61
2025-04-08 21:34:12.431,50,80,88,494,479,0.95,161874,-33,-43,0.62,54.21
2025-04-08 21:34:12.596,51,80,88,495,479,0.95,162265,-33,-43,0.62,54.21
2025-04-08 21:34:12.766,52,80,89,492,479,0.95,160680,-34,-44,0.62,55.61
2025-04-08 21:34:12.931,53,80,88,492,479,0.95,161092,-34,-43,0.62,54.82
2025-04-08 21:34:13.096,54,80,88,493,479,0.95,161483,-34,-43,0.62,54.82
2025-04-08 21:34:13.266,55,80,90,492,479,0.95,160268,-34,-44,0.62,55.61
2025-04-08 21:34:13.432,56,80,90,500,479,0.94,163380,-30,-44,0.62,53.26
2025-04-08 21:34:13.600,57,81,90,497,479,0.94,161824,-31,-44,0.62,53.83
2025-04-08 21:34:13.765,58,81,90,492,479,0.95,159879,-34,-44,0.63,55.61
2025-04-08 21:34:13.931,59,81,91,494,479,0.95,160244,-33,-45,0.62,55.81
2025-04-08 21:34:14.100,60,82,90,491,479,0.95,159101,-34,-44,0.63,55.61
2025-04-08 21:34:14.265,61,81,92,493,479,0.94,159444,-33,-45,0.63,55.81
2025-04-08 21:34:14.432,62,80,92,494,479,0.94,160218,-33,-45,0.62,55.81
2025-04-08 21:34:14.599,63,81,92,495,479,0.94,160218,-32,-45,0.62,55.22
2025-04-08 21:34:14.768,64,80,92,496,479,0.94,160992,-32,-45,0.62,55.22
2025-04-08 21:34:14.934,65,79,92,495,479,0.94,160992,-33,-45,0.62,55.81
2025-04-08 21:34:15.097,66,77,95,485,479,0.94,156672,-39,-47,0.63,61.08
2025-04-08 21:34:15.269,67,65,98,478,479,0.95,157353,-49,-48,0.63,68.60
2025-04-08 21:34:15.433,68,55,110,457,479,0.95,148338,-64,-54,0.65,83.74
2025-04-08 21:34:15.600,69,34,130,444,479,0.96,143090,-81,-64,0.66,103.23
2025-04-08 21:34:15.765,70,0,152,464,479,0.93,151728,-88,-75,0.65,115.63
2025-04-08 21:34:15.932,71,1,167,588,479,0.95,183144,-26,-83,0.61,86.98
2025-04-08 21:34:16.102,72,1,180,519,479,0.91,154882,-60,-89,0.66,107.34
2025-04-08 21:34:16.268,73,0,191,638,479,0.94,183744,-1,-95,0.63,95.01
2025-04-08 21:34:16.431,74,1,124,638,479,0.97,226135,-1,-61,0.55,61.01
2025-04-08 21:34:16.601,75,0,183,638,479,0.94,188848,-1,-91,0.62,91.01
2025-04-08 21:34:16.768,76,48,182,638,479,0.94,175230,23,-90,0.63,92.89
2025-04-08 21:34:16.935,77,95,161,638,479,0.94,172674,46,-80,0.62,92.28
2025-04-08 21:34:17.104,78,118,122,639,479,0.95,185997,58,-60,0.59,83.45
2025-04-08 21:34:17.264,79,158,118,638,479,0.96,173280,78,-58,0.61,97.20
2025-04-08 21:34:17.432,80,208,133,638,479,0.96,148780,103,-66,0.65,122.33
2025-04-08 21:34:17.602,81,255,152,639,479,0.96,125568,127,-75,0.71,147.49
2025-04-08 21:34:17.766,82,260,162,639,479,0.90,120143,129,-80,0.72,151.79
2025-04-08 21:34:17.936,83,94,161,638,479,0.92,172992,46,-80,0.62,92.28
2025-04-08 21:34:18.104,84,250,157,639,479,0.84,125258,124,-78,0.71,146.49
2025-04-08 21:34:18.269,85,237,145,639,479,0.95,134268,118,-72,0.69,138.23
2025-04-08 21:34:18.435,86,214,129,638,479,0.96,148400,106,-64,0.65,123.82
2025-04-08 21:34:18.602,87,189,128,633,479,0.95,155844,91,-63,0.64,110.68
2025-04-08 21:34:18.769,88,169,128,617,479,0.89,157248,73,-63,0.64,96.43
2025-04-08 21:34:18.937,89,161,122,613,479,0.96,161364,67,-60,0.63,89.94
2025-04-08 21:34:19.101,90,155,115,597,479,0.96,160888,56,-57,0.63,79.91
2025-04-08 21:34:19.266,91,144,106,596,479,0.95,168596,50,-52,0.61,72.14
2025-04-08 21:34:19.436,92,143,100,599,479,0.96,172824,51,-49,0.60,70.73
2025-04-08 21:34:19.603,93,139,93,599,479,0.96,177560,49,-46,0.60,67.21
2025-04-08 21:34:19.768,94,141,86,598,479,0.96,179601,49,-42,0.59,64.54
2025-04-08 21:34:19.934,95,113,82,566,479,0.95,179841,19,-40,0.59,44.29
2025-04-08 21:34:20.104,96,104,78,557,479,0.96,181653,10,-38,0.59,39.30
2025-04-08 21:34:20.269,97,106,77,562,479,0.96,183312,14,-38,0.59,40.50
2025-04-08 21:34:20.437,98,109,78,563,479,0.96,182054,16,-38,0.59,41.24
2025-04-08 21:34:20.602,99,110,79,564,479,0.96,181600,17,-39,0.59,42.55
2025-04-08 21:34:20.771,100,110,80,564,479,0.96,181146,17,-39,0.59,42.55
2025-04-08 21:34:20.940,101,112,79,564,479,0.96,180800,18,-39,0.59,42.96
2025-04-08 21:34:21.102,102,112,79,565,479,0.96,181200,18,-39,0.59,42.96
2025-04-08 21:34:21.269,103,112,79,565,479,0.96,181200,18,-39,0.59,42.96
2025-04-08 21:34:21.438,104,112,79,564,479,0.96,180800,18,-39,0.59,42.96
2025-04-08 21:34:21.604,105,111,79,562,479,0.96,180400,16,-39,0.59,42.16
2025-04-08 21:34:21.771,106,110,80,559,479,0.96,179151,14,-39,0.59,41.44
2025-04-08 21:34:21.938,107,109,81,556,479,0.96,177906,12,-40,0.59,41.77
2025-04-08 21:34:22.107,108,106,81,554,479,0.96,178304,10,-40,0.59,41.24
2025-04-08 21:34:22.273,109,106,82,553,479,0.96,177459,9,-40,0.59,41.00
2025-04-08 21:34:22.439,110,106,82,551,479,0.96,176665,8,-40,0.60,40.80
2025-04-08 21:34:22.603,111,105,83,550,479,0.96,176220,7,-41,0.60,41.60
2025-04-08 21:34:22.772,112,105,83,546,479,0.96,174636,5,-41,0.60,41.31
2025-04-08 21:34:22.937,113,102,84,541,479,0.96,173405,1,-41,0.60,41.02
2025-04-08 21:34:23.106,114,98,85,537,479,0.96,172966,-3,-42,0.60,42.11
2025-04-08 21:34:23.272,115,98,85,532,479,0.96,170996,-5,-42,0.61,42.30
2025-04-08 21:34:23.439,116,98,86,531,479,0.96,170169,-6,-42,0.61,42.43
2025-04-08 21:34:23.607,117,98,86,531,479,0.96,170169,-6,-42,0.61,42.43
2025-04-08 21:34:23.773,118,98,87,531,479,0.96,169736,-6,-43,0.61,43.42
2025-04-08 21:34:23.936,119,99,87,534,479,0.96,170520,-4,-43,0.61,43.19
2025-04-08 21:34:24.104,120,100,86,537,479,0.96,171741,-2,-42,0.60,42.05
2025-04-08 21:34:24.275,121,101,86,540,479,0.96,172527,0,-42,0.60,42.00
2025-04-08 21:34:24.437,122,101,86,541,479,0.96,172920,1,-42,0.60,42.02
2025-04-08 21:34:24.605,123,101,86,542,479,0.96,173313,1,-42,0.60,42.02
2025-04-08 21:34:24.775,124,102,86,543,479,0.96,173313,2,-42,0.60,42.05
2025-04-08 21:34:24.939,125,106,87,544,479,0.96,171696,5,-43,0.60,43.29
2025-04-08 21:34:25.104,126,105,90,543,479,0.96,170382,4,-44,0.61,44.19
2025-04-08 21:34:25.275,127,99,90,544,479,0.96,173105,1,-44,0.60,44.02
2025-04-08 21:34:25.440,128,107,90,545,479,0.96,170382,6,-44,0.61,44.41
2025-04-08 21:34:25.617,129,106,89,547,479,0.96,171990,6,-44,0.60,44.41
2025-04-08 21:34:25.814,130,108,86,546,479,0.96,172134,7,-42,0.60,42.58
2025-04-08 21:34:26.010,131,111,82,557,479,0.96,177062,14,-40,0.60,42.38
2025-04-08 21:34:26.200,132,111,71,568,479,0.96,186456,19,-35,0.58,39.83
2025-04-08 21:34:26.380,133,108,62,579,479,0.96,196407,23,-30,0.57,37.81
2025-04-08 21:34:26.576,134,101,49,595,479,0.96,212420,28,-24,0.54,36.88
2025-04-08 21:34:26.742,135,92,35,612,479,0.96,230880,32,-17,0.52,36.24
2025-04-08 21:34:26.910,136,88,27,618,478,0.96,239030,33,-12,0.51,35.12
