Timestamp,Frame,X_min,Y_min,X_max,Y_max,Confidence,area,X,Y,Z_est,Distance_3D,Distance_RealSense,X_rel,Y_rel,Z_rel,Fixed_Angle
2025-05-29 20:23:47.026,1,369,434,380,447,0.21,143,54,-134,20.98,145.99,5.536,54.00,-134.00,20.98,68.05
2025-05-29 20:23:47.493,2,369,434,379,447,0.86,130,54,-134,22.12,146.15,5.672,54.00,-134.00,22.12,68.05
2025-05-29 20:23:47.667,3,369,434,379,447,0.82,130,54,-134,22.12,146.15,5.467,54.00,-134.00,22.12,68.05
2025-05-29 20:23:47.831,4,369,434,379,447,0.84,130,54,-134,22.12,146.15,5.372,54.00,-134.00,22.12,68.05
2025-05-29 20:23:48.000,5,369,434,379,447,0.85,130,54,-134,22.12,146.15,5.595,54.00,-134.00,22.12,68.05
2025-05-29 20:23:48.213,6,369,434,379,447,0.84,130,54,-134,22.12,146.15,5.332,54.00,-134.00,22.12,68.05
2025-05-29 20:23:48.386,7,369,434,379,447,0.82,130,54,-134,22.12,146.15,5.477,54.00,-134.00,22.12,68.05
2025-05-29 20:23:48.548,8,369,434,379,447,0.83,130,54,-134,22.12,146.15,5.457,54.00,-134.00,22.12,68.05
2025-05-29 20:23:48.726,9,369,434,379,447,0.82,130,54,-134,22.12,146.15,5.459,54.00,-134.00,22.12,68.05
2025-05-29 20:23:48.910,10,369,434,379,447,0.85,130,54,-134,6.68,144.63,5.246,54.00,-134.00,6.68,68.05
2025-05-29 20:23:49.073,11,369,434,379,447,0.84,130,54,-134,22.12,146.15,5.311,54.00,-134.00,22.12,68.05
2025-05-29 20:23:49.249,12,369,434,379,447,0.85,130,54,-134,22.12,146.15,5.426,54.00,-134.00,22.12,68.05
2025-05-29 20:23:49.408,13,369,434,379,447,0.82,130,54,-134,22.12,146.15,5.644,54.00,-134.00,22.12,68.05
2025-05-29 20:23:49.620,14,369,435,379,447,0.85,120,54,-134,22.92,146.28,5.564,54.00,-134.00,22.92,68.05
2025-05-29 20:23:49.837,15,369,434,379,447,0.83,130,54,-134,22.12,146.15,5.391,54.00,-134.00,22.12,68.05
2025-05-29 20:23:50.036,16,369,434,379,447,0.84,130,54,-134,22.12,146.15,5.446,54.00,-134.00,22.12,68.05
2025-05-29 20:23:50.229,17,369,434,379,447,0.84,130,54,-134,22.12,146.15,5.628,54.00,-134.00,22.12,68.05
2025-05-29 20:23:50.433,18,369,434,379,447,0.82,130,54,-134,22.12,146.15,5.308,54.00,-134.00,22.12,68.05
2025-05-29 20:23:50.637,19,369,434,379,447,0.84,130,54,-134,22.12,146.15,5.450,54.00,-134.00,22.12,68.05
2025-05-29 20:23:50.845,20,369,434,379,447,0.82,130,54,-134,6.72,144.63,5.932,54.00,-134.00,6.72,68.05
2025-05-29 20:23:51.053,21,369,434,379,447,0.84,130,54,-134,22.12,146.15,5.428,54.00,-134.00,22.12,68.05
2025-05-29 20:23:51.274,22,369,434,379,447,0.84,130,54,-134,22.12,146.15,5.364,54.00,-134.00,22.12,68.05
2025-05-29 20:23:51.484,23,369,434,379,447,0.84,130,54,-134,22.12,146.15,5.724,54.00,-134.00,22.12,68.05
2025-05-29 20:23:51.669,24,369,434,379,447,0.85,130,54,-134,22.12,146.15,5.413,54.00,-134.00,22.12,68.05
2025-05-29 20:23:51.849,25,369,434,379,447,0.83,130,54,-134,22.12,146.15,5.484,54.00,-134.00,22.12,68.05
2025-05-29 20:23:52.053,26,369,434,379,447,0.85,130,54,-134,22.12,146.15,5.617,54.00,-134.00,22.12,68.05
2025-05-29 20:23:52.234,27,369,434,379,447,0.82,130,54,-134,22.12,146.15,5.410,54.00,-134.00,22.12,68.05
2025-05-29 20:23:52.408,28,369,435,379,447,0.82,120,54,-134,22.92,146.28,5.663,54.00,-134.00,22.92,68.05
2025-05-29 20:23:52.615,29,369,435,379,447,0.82,120,54,-134,22.92,146.28,5.564,54.00,-134.00,22.92,68.05
2025-05-29 20:23:52.804,30,369,434,379,447,0.85,130,54,-134,6.70,144.63,5.485,54.00,-134.00,6.70,68.05
2025-05-29 20:23:52.996,31,369,434,379,447,0.84,130,54,-134,22.12,146.15,5.633,54.00,-134.00,22.12,68.05
2025-05-29 20:23:53.179,32,369,434,379,447,0.87,130,54,-134,22.12,146.15,5.530,54.00,-134.00,22.12,68.05
2025-05-29 20:23:53.386,33,369,434,379,447,0.84,130,54,-134,22.12,146.15,5.647,54.00,-134.00,22.12,68.05
2025-05-29 20:23:53.557,34,369,434,379,447,0.83,130,54,-134,22.12,146.15,5.458,54.00,-134.00,22.12,68.05
2025-05-29 20:23:53.734,35,369,434,379,447,0.82,130,54,-134,22.12,146.15,5.362,54.00,-134.00,22.12,68.05
2025-05-29 20:23:53.922,36,369,434,379,447,0.84,130,54,-134,22.12,146.15,5.335,54.00,-134.00,22.12,68.05
2025-05-29 20:23:54.109,37,369,434,379,447,0.83,130,54,-134,22.12,146.15,5.388,54.00,-134.00,22.12,68.05
2025-05-29 20:23:54.303,38,369,434,379,447,0.85,130,54,-134,22.12,146.15,5.617,54.00,-134.00,22.12,68.05
2025-05-29 20:23:54.508,39,369,434,379,447,0.82,130,54,-134,22.12,146.15,5.488,54.00,-134.00,22.12,68.05
2025-05-29 20:23:54.702,40,369,434,379,447,0.84,130,54,-134,6.70,144.63,5.321,54.00,-134.00,6.70,68.05
2025-05-29 20:23:54.920,41,369,434,379,447,0.84,130,54,-134,22.12,146.15,5.532,54.00,-134.00,22.12,68.05
2025-05-29 20:23:55.135,42,369,434,379,447,0.82,130,54,-134,22.12,146.15,5.552,54.00,-134.00,22.12,68.05
2025-05-29 20:23:55.318,43,369,434,379,447,0.84,130,54,-134,22.12,146.15,5.411,54.00,-134.00,22.12,68.05
2025-05-29 20:23:55.548,44,369,434,379,447,0.83,130,54,-134,22.12,146.15,5.530,54.00,-134.00,22.12,68.05
2025-05-29 20:23:55.754,45,369,434,379,447,0.85,130,54,-134,22.12,146.15,5.356,54.00,-134.00,22.12,68.05
2025-05-29 20:23:55.953,46,369,434,379,447,0.85,130,54,-134,22.12,146.15,5.359,54.00,-134.00,22.12,68.05
2025-05-29 20:23:56.178,47,369,435,379,447,0.81,120,54,-134,22.92,146.28,5.331,54.00,-134.00,22.92,68.05
2025-05-29 20:23:56.378,48,369,434,379,447,0.85,130,54,-134,22.12,146.15,5.717,54.00,-134.00,22.12,68.05
2025-05-29 20:23:56.583,49,369,434,379,447,0.82,130,54,-134,22.12,146.15,5.589,54.00,-134.00,22.12,68.05
2025-05-29 20:23:56.798,50,369,434,379,447,0.86,130,54,-134,6.70,144.63,5.605,54.00,-134.00,6.70,68.05
2025-05-29 20:23:57.013,51,369,434,379,447,0.81,130,54,-134,22.12,146.15,5.476,54.00,-134.00,22.12,68.05
2025-05-29 20:23:57.250,52,369,434,379,447,0.81,130,54,-134,22.12,146.15,5.466,54.00,-134.00,22.12,68.05
2025-05-29 20:23:57.442,53,369,434,379,447,0.87,130,54,-134,22.12,146.15,5.572,54.00,-134.00,22.12,68.05
2025-05-29 20:23:57.641,54,369,434,379,447,0.84,130,54,-134,22.12,146.15,5.605,54.00,-134.00,22.12,68.05
2025-05-29 20:23:57.838,55,369,434,379,447,0.84,130,54,-134,22.12,146.15,5.798,54.00,-134.00,22.12,68.05
2025-05-29 20:23:58.025,56,369,434,379,447,0.83,130,54,-134,22.12,146.15,5.364,54.00,-134.00,22.12,68.05
2025-05-29 20:23:58.229,57,369,434,379,447,0.85,130,54,-134,22.12,146.15,5.625,54.00,-134.00,22.12,68.05
2025-05-29 20:23:58.407,58,369,434,379,447,0.82,130,54,-134,22.12,146.15,5.203,54.00,-134.00,22.12,68.05
2025-05-29 20:23:58.604,59,369,434,379,447,0.83,130,54,-134,22.12,146.15,5.330,54.00,-134.00,22.12,68.05
2025-05-29 20:23:58.802,60,369,434,379,447,0.85,130,54,-134,6.70,144.63,5.641,54.00,-134.00,6.70,68.05
2025-05-29 20:23:59.002,61,369,434,379,447,0.84,130,54,-134,22.12,146.15,5.512,54.00,-134.00,22.12,68.05
2025-05-29 20:23:59.181,62,369,434,379,447,0.84,130,54,-134,22.12,146.15,5.472,54.00,-134.00,22.12,68.05
2025-05-29 20:23:59.375,63,369,434,379,447,0.85,130,54,-134,22.12,146.15,5.521,54.00,-134.00,22.12,68.05
2025-05-29 20:23:59.576,64,369,434,379,447,0.84,130,54,-134,22.12,146.15,5.596,54.00,-134.00,22.12,68.05
2025-05-29 20:23:59.763,65,369,434,379,447,0.83,130,54,-134,22.12,146.15,5.346,54.00,-134.00,22.12,68.05
2025-05-29 20:23:59.977,66,369,434,379,447,0.86,130,54,-134,22.12,146.15,5.220,54.00,-134.00,22.12,68.05
2025-05-29 20:24:00.196,67,369,435,379,447,0.84,120,54,-134,22.92,146.28,5.548,54.00,-134.00,22.92,68.05
2025-05-29 20:24:00.377,68,369,434,379,447,0.84,130,54,-134,22.12,146.15,5.387,54.00,-134.00,22.12,68.05
2025-05-29 20:24:00.618,69,369,434,379,447,0.83,130,54,-134,22.12,146.15,5.451,54.00,-134.00,22.12,68.05
2025-05-29 20:24:00.848,70,369,434,379,447,0.84,130,54,-134,6.70,144.63,5.311,54.00,-134.00,6.70,68.05
2025-05-29 20:24:01.059,71,369,434,379,447,0.81,130,54,-134,22.12,146.15,5.607,54.00,-134.00,22.12,68.05
2025-05-29 20:24:01.239,72,369,434,379,447,0.83,130,54,-134,22.12,146.15,5.388,54.00,-134.00,22.12,68.05
2025-05-29 20:24:01.450,73,369,434,379,447,0.81,130,54,-134,22.12,146.15,5.466,54.00,-134.00,22.12,68.05
2025-05-29 20:24:01.717,74,369,434,379,447,0.84,130,54,-134,22.12,146.15,5.620,54.00,-134.00,22.12,68.05
2025-05-29 20:24:01.953,75,369,434,379,447,0.83,130,54,-134,22.12,146.15,5.310,54.00,-134.00,22.12,68.05
2025-05-29 20:24:02.189,76,369,434,379,447,0.84,130,54,-134,22.12,146.15,5.464,54.00,-134.00,22.12,68.05
2025-05-29 20:24:02.412,77,369,434,379,447,0.84,130,54,-134,22.12,146.15,5.442,54.00,-134.00,22.12,68.05
2025-05-29 20:24:02.661,78,369,434,379,447,0.82,130,54,-134,22.12,146.15,5.387,54.00,-134.00,22.12,68.05
2025-05-29 20:24:02.911,79,369,434,379,447,0.84,130,54,-134,22.12,146.15,5.396,54.00,-134.00,22.12,68.05
2025-05-29 20:24:03.133,80,369,434,379,447,0.83,130,54,-134,6.70,144.63,5.348,54.00,-134.00,6.70,68.05
2025-05-29 20:24:03.339,81,369,434,379,447,0.83,130,54,-134,22.12,146.15,5.391,54.00,-134.00,22.12,68.05
2025-05-29 20:24:03.571,82,369,434,379,447,0.82,130,54,-134,22.12,146.15,5.566,54.00,-134.00,22.12,68.05
2025-05-29 20:24:03.783,83,369,434,379,447,0.84,130,54,-134,22.12,146.15,5.604,54.00,-134.00,22.12,68.05
2025-05-29 20:24:04.009,84,369,434,379,447,0.84,130,54,-134,22.12,146.15,5.506,54.00,-134.00,22.12,68.05
2025-05-29 20:24:04.228,85,369,434,379,447,0.84,130,54,-134,22.12,146.15,5.553,54.00,-134.00,22.12,68.05
2025-05-29 20:24:04.426,86,369,434,379,447,0.84,130,54,-134,22.12,146.15,5.564,54.00,-134.00,22.12,68.05
2025-05-29 20:24:04.646,87,369,434,379,447,0.84,130,54,-134,22.12,146.15,5.343,54.00,-134.00,22.12,68.05
2025-05-29 20:24:04.866,88,369,434,379,447,0.83,130,54,-134,22.12,146.15,5.516,54.00,-134.00,22.12,68.05
2025-05-29 20:24:05.064,89,369,434,379,447,0.85,130,54,-134,22.12,146.15,5.308,54.00,-134.00,22.12,68.05
2025-05-29 20:24:05.269,90,369,434,379,447,0.86,130,54,-134,6.70,144.63,5.343,54.00,-134.00,6.70,68.05
2025-05-29 20:24:05.468,91,369,434,379,447,0.85,130,54,-134,22.12,146.15,5.523,54.00,-134.00,22.12,68.05
2025-05-29 20:24:05.676,92,369,434,379,447,0.83,130,54,-134,22.12,146.15,5.155,54.00,-134.00,22.12,68.05
2025-05-29 20:24:05.880,93,369,435,379,447,0.85,120,54,-134,22.92,146.28,5.383,54.00,-134.00,22.92,68.05
2025-05-29 20:24:06.110,94,369,435,379,447,0.84,120,54,-134,22.92,146.28,5.592,54.00,-134.00,22.92,68.05
2025-05-29 20:24:06.318,95,369,434,379,447,0.84,130,54,-134,22.12,146.15,5.218,54.00,-134.00,22.12,68.05
2025-05-29 20:24:06.549,96,369,434,379,447,0.83,130,54,-134,22.12,146.15,5.556,54.00,-134.00,22.12,68.05
2025-05-29 20:24:06.772,97,369,434,379,447,0.84,130,54,-134,22.12,146.15,5.377,54.00,-134.00,22.12,68.05
2025-05-29 20:24:06.998,98,369,434,379,447,0.82,130,54,-134,22.12,146.15,5.244,54.00,-134.00,22.12,68.05
2025-05-29 20:24:07.196,99,369,434,379,447,0.83,130,54,-134,22.12,146.15,5.336,54.00,-134.00,22.12,68.05
2025-05-29 20:24:07.424,100,369,434,378,447,0.83,117,53,-133,6.72,143.33,5.682,53.00,-133.00,6.72,68.27
2025-05-29 20:24:07.627,101,369,434,379,447,0.83,130,54,-134,22.12,146.15,5.430,54.00,-134.00,22.12,68.05
2025-05-29 20:24:07.828,102,369,434,379,447,0.80,130,54,-134,22.12,146.15,5.348,54.00,-134.00,22.12,68.05
2025-05-29 20:24:08.046,103,369,434,379,447,0.83,130,54,-134,22.12,146.15,5.614,54.00,-134.00,22.12,68.05
2025-05-29 20:24:08.244,104,369,434,379,447,0.79,130,54,-134,22.12,146.15,5.686,54.00,-134.00,22.12,68.05
2025-05-29 20:24:08.443,105,369,434,379,447,0.84,130,54,-134,22.12,146.15,5.647,54.00,-134.00,22.12,68.05
2025-05-29 20:24:08.667,106,369,434,379,447,0.84,130,54,-134,22.12,146.15,5.306,54.00,-134.00,22.12,68.05
2025-05-29 20:24:08.876,107,369,434,379,447,0.83,130,54,-134,22.12,146.15,5.789,54.00,-134.00,22.12,68.05
2025-05-29 20:24:09.088,108,369,434,379,447,0.83,130,54,-134,22.12,146.15,5.591,54.00,-134.00,22.12,68.05
2025-05-29 20:24:09.311,109,369,434,379,447,0.83,130,54,-134,22.12,146.15,5.584,54.00,-134.00,22.12,68.05
2025-05-29 20:24:09.515,110,369,435,379,447,0.84,120,54,-134,6.70,144.63,5.625,54.00,-134.00,6.70,68.05
2025-05-29 20:24:09.716,111,369,434,379,447,0.83,130,54,-134,22.12,146.15,5.426,54.00,-134.00,22.12,68.05
2025-05-29 20:24:09.915,112,369,434,378,447,0.85,117,53,-133,23.50,145.09,5.322,53.00,-133.00,23.50,68.27
2025-05-29 20:24:10.126,113,369,434,379,447,0.86,130,54,-134,22.12,146.15,5.585,54.00,-134.00,22.12,68.05
2025-05-29 20:24:10.344,114,369,434,379,447,0.84,130,54,-134,22.12,146.15,5.633,54.00,-134.00,22.12,68.05
2025-05-29 20:24:10.563,115,369,435,379,447,0.80,120,54,-134,22.92,146.28,5.528,54.00,-134.00,22.92,68.05
2025-05-29 20:24:10.775,116,369,434,379,447,0.84,130,54,-134,22.12,146.15,5.472,54.00,-134.00,22.12,68.05
2025-05-29 20:24:10.984,117,369,434,379,447,0.84,130,54,-134,22.12,146.15,5.409,54.00,-134.00,22.12,68.05
2025-05-29 20:24:11.182,118,369,434,379,447,0.84,130,54,-134,22.12,146.15,5.835,54.00,-134.00,22.12,68.05
2025-05-29 20:24:11.359,119,369,434,379,447,0.83,130,54,-134,22.12,146.15,5.505,54.00,-134.00,22.12,68.05
2025-05-29 20:24:11.540,120,369,434,379,447,0.84,130,54,-134,6.70,144.63,5.378,54.00,-134.00,6.70,68.05
2025-05-29 20:24:11.734,121,369,434,379,447,0.82,130,54,-134,22.12,146.15,5.786,54.00,-134.00,22.12,68.05
2025-05-29 20:24:11.935,122,369,435,379,447,0.84,120,54,-134,22.92,146.28,5.444,54.00,-134.00,22.92,68.05
2025-05-29 20:24:12.126,123,369,434,379,447,0.81,130,54,-134,22.12,146.15,5.608,54.00,-134.00,22.12,68.05
2025-05-29 20:24:12.315,124,369,434,379,447,0.83,130,54,-134,22.12,146.15,5.493,54.00,-134.00,22.12,68.05
2025-05-29 20:24:12.504,125,369,434,379,447,0.82,130,54,-134,22.12,146.15,5.370,54.00,-134.00,22.12,68.05
2025-05-29 20:24:12.709,126,369,434,379,447,0.85,130,54,-134,22.12,146.15,5.454,54.00,-134.00,22.12,68.05
2025-05-29 20:24:12.920,127,369,434,379,447,0.84,130,54,-134,22.12,146.15,5.299,54.00,-134.00,22.12,68.05
2025-05-29 20:24:13.095,128,369,434,379,447,0.80,130,54,-134,22.12,146.15,5.590,54.00,-134.00,22.12,68.05
2025-05-29 20:24:13.275,129,369,434,379,447,0.84,130,54,-134,22.12,146.15,5.584,54.00,-134.00,22.12,68.05
2025-05-29 20:24:13.467,130,369,434,379,447,0.85,130,54,-134,6.70,144.63,5.458,54.00,-134.00,6.70,68.05
2025-05-29 20:24:13.651,131,369,434,379,447,0.83,130,54,-134,22.12,146.15,5.550,54.00,-134.00,22.12,68.05
2025-05-29 20:24:13.851,132,369,434,379,447,0.82,130,54,-134,22.12,146.15,5.513,54.00,-134.00,22.12,68.05
2025-05-29 20:24:14.079,133,369,434,379,447,0.83,130,54,-134,22.12,146.15,5.671,54.00,-134.00,22.12,68.05
2025-05-29 20:24:14.275,134,369,434,379,447,0.84,130,54,-134,22.12,146.15,5.531,54.00,-134.00,22.12,68.05
2025-05-29 20:24:14.452,135,369,434,379,447,0.81,130,54,-134,22.12,146.15,5.531,54.00,-134.00,22.12,68.05
2025-05-29 20:24:14.667,136,369,434,379,447,0.83,130,54,-134,22.12,146.15,5.695,54.00,-134.00,22.12,68.05
2025-05-29 20:24:14.868,137,369,434,379,447,0.85,130,54,-134,22.12,146.15,5.665,54.00,-134.00,22.12,68.05
2025-05-29 20:24:15.069,138,369,434,379,447,0.84,130,54,-134,22.12,146.15,5.331,54.00,-134.00,22.12,68.05
2025-05-29 20:24:15.251,139,369,435,379,447,0.84,120,54,-134,22.92,146.28,5.394,54.00,-134.00,22.92,68.05
2025-05-29 20:24:15.445,140,369,434,378,447,0.82,117,53,-133,6.70,143.33,5.349,53.00,-133.00,6.70,68.27
2025-05-29 20:24:15.629,141,369,434,379,447,0.83,130,54,-134,22.12,146.15,5.437,54.00,-134.00,22.12,68.05
2025-05-29 20:24:15.803,142,369,434,379,447,0.83,130,54,-134,22.12,146.15,5.711,54.00,-134.00,22.12,68.05
2025-05-29 20:24:15.990,143,369,434,379,447,0.81,130,54,-134,22.12,146.15,5.421,54.00,-134.00,22.12,68.05
2025-05-29 20:24:16.174,144,369,434,379,447,0.83,130,54,-134,22.12,146.15,5.645,54.00,-134.00,22.12,68.05
2025-05-29 20:24:16.334,145,369,434,378,447,0.84,117,53,-133,23.50,145.09,5.682,53.00,-133.00,23.50,68.27
2025-05-29 20:24:16.519,146,369,434,379,447,0.83,130,54,-134,22.12,146.15,5.501,54.00,-134.00,22.12,68.05
2025-05-29 20:24:16.709,147,369,435,379,447,0.81,120,54,-134,22.92,146.28,5.393,54.00,-134.00,22.92,68.05
2025-05-29 20:24:16.904,148,369,434,379,447,0.85,130,54,-134,22.12,146.15,5.579,54.00,-134.00,22.12,68.05
2025-05-29 20:24:17.094,149,369,434,379,447,0.86,130,54,-134,22.12,146.15,5.429,54.00,-134.00,22.12,68.05
2025-05-29 20:24:17.268,150,369,434,379,447,0.83,130,54,-134,6.70,144.63,5.448,54.00,-134.00,6.70,68.05
2025-05-29 20:24:17.441,151,369,434,379,447,0.84,130,54,-134,22.12,146.15,5.590,54.00,-134.00,22.12,68.05
2025-05-29 20:24:17.622,152,369,434,379,447,0.83,130,54,-134,22.12,146.15,5.403,54.00,-134.00,22.12,68.05
2025-05-29 20:24:17.814,153,369,434,379,447,0.82,130,54,-134,22.12,146.15,5.599,54.00,-134.00,22.12,68.05
2025-05-29 20:24:17.998,154,369,434,379,447,0.84,130,54,-134,22.12,146.15,5.627,54.00,-134.00,22.12,68.05
2025-05-29 20:24:18.180,155,369,434,379,447,0.83,130,54,-134,22.12,146.15,5.431,54.00,-134.00,22.12,68.05
2025-05-29 20:24:18.361,156,369,435,379,447,0.84,120,54,-134,22.92,146.28,5.350,54.00,-134.00,22.92,68.05
2025-05-29 20:24:18.549,157,369,435,379,447,0.84,120,54,-134,22.92,146.28,5.357,54.00,-134.00,22.92,68.05
2025-05-29 20:24:18.746,158,369,434,379,447,0.84,130,54,-134,22.12,146.15,5.436,54.00,-134.00,22.12,68.05
2025-05-29 20:24:18.935,159,369,434,378,447,0.85,117,53,-133,23.50,145.09,5.513,53.00,-133.00,23.50,68.27
2025-05-29 20:24:19.128,160,369,434,379,447,0.85,130,54,-134,6.70,144.63,5.487,54.00,-134.00,6.70,68.05
2025-05-29 20:24:19.312,161,369,434,379,447,0.84,130,54,-134,22.12,146.15,5.461,54.00,-134.00,22.12,68.05
2025-05-29 20:24:19.490,162,369,434,379,447,0.85,130,54,-134,22.12,146.15,5.690,54.00,-134.00,22.12,68.05
2025-05-29 20:24:19.663,163,369,434,379,447,0.83,130,54,-134,22.12,146.15,5.684,54.00,-134.00,22.12,68.05
2025-05-29 20:24:19.840,164,369,434,379,447,0.82,130,54,-134,22.12,146.15,5.387,54.00,-134.00,22.12,68.05
2025-05-29 20:24:20.030,165,369,434,379,447,0.84,130,54,-134,22.12,146.15,5.410,54.00,-134.00,22.12,68.05
2025-05-29 20:24:20.185,166,369,434,379,447,0.84,130,54,-134,22.12,146.15,5.469,54.00,-134.00,22.12,68.05
2025-05-29 20:24:20.384,167,369,434,379,447,0.83,130,54,-134,22.12,146.15,5.585,54.00,-134.00,22.12,68.05
2025-05-29 20:24:20.589,168,369,434,379,447,0.81,130,54,-134,22.12,146.15,5.421,54.00,-134.00,22.12,68.05
2025-05-29 20:24:20.760,169,369,434,379,447,0.85,130,54,-134,22.12,146.15,5.623,54.00,-134.00,22.12,68.05
2025-05-29 20:24:20.965,170,369,435,379,447,0.84,120,54,-134,6.70,144.63,5.359,54.00,-134.00,6.70,68.05
2025-05-29 20:24:21.176,171,369,434,379,447,0.84,130,54,-134,22.12,146.15,5.422,54.00,-134.00,22.12,68.05
2025-05-29 20:24:21.340,172,369,434,379,447,0.86,130,54,-134,22.12,146.15,5.458,54.00,-134.00,22.12,68.05
2025-05-29 20:24:21.525,173,369,434,379,447,0.83,130,54,-134,22.12,146.15,5.514,54.00,-134.00,22.12,68.05
2025-05-29 20:24:21.698,174,369,434,379,447,0.85,130,54,-134,22.12,146.15,5.693,54.00,-134.00,22.12,68.05
2025-05-29 20:24:21.871,175,369,434,379,447,0.81,130,54,-134,22.12,146.15,5.338,54.00,-134.00,22.12,68.05
2025-05-29 20:24:22.038,176,369,434,379,447,0.85,130,54,-134,22.12,146.15,5.473,54.00,-134.00,22.12,68.05
2025-05-29 20:24:22.225,177,369,434,379,447,0.85,130,54,-134,22.12,146.15,5.136,54.00,-134.00,22.12,68.05
2025-05-29 20:24:22.397,178,369,434,379,447,0.83,130,54,-134,22.12,146.15,5.993,54.00,-134.00,22.12,68.05
2025-05-29 20:24:22.579,179,369,434,379,447,0.84,130,54,-134,22.12,146.15,5.513,54.00,-134.00,22.12,68.05
2025-05-29 20:24:22.770,180,369,434,379,447,0.85,130,54,-134,6.70,144.63,5.436,54.00,-134.00,6.70,68.05
2025-05-29 20:24:22.947,181,369,434,379,447,0.84,130,54,-134,22.12,146.15,5.632,54.00,-134.00,22.12,68.05
2025-05-29 20:24:23.135,182,369,434,379,447,0.83,130,54,-134,22.12,146.15,5.486,54.00,-134.00,22.12,68.05
2025-05-29 20:24:23.308,183,369,434,379,447,0.81,130,54,-134,22.12,146.15,5.416,54.00,-134.00,22.12,68.05
2025-05-29 20:24:23.492,184,369,434,379,447,0.84,130,54,-134,22.12,146.15,5.528,54.00,-134.00,22.12,68.05
2025-05-29 20:24:23.669,185,369,434,379,447,0.81,130,54,-134,22.12,146.15,5.556,54.00,-134.00,22.12,68.05
2025-05-29 20:24:23.844,186,369,435,379,447,0.76,120,54,-134,22.92,146.28,5.534,54.00,-134.00,22.92,68.05
2025-05-29 20:24:24.028,187,369,434,379,447,0.86,130,54,-134,22.12,146.15,5.460,54.00,-134.00,22.12,68.05
2025-05-29 20:24:24.207,188,369,434,379,447,0.80,130,54,-134,22.12,146.15,5.470,54.00,-134.00,22.12,68.05
2025-05-29 20:24:24.385,189,369,434,379,447,0.81,130,54,-134,22.12,146.15,5.425,54.00,-134.00,22.12,68.05
2025-05-29 20:24:24.571,190,369,434,378,447,0.83,117,53,-133,6.70,143.33,5.502,53.00,-133.00,6.70,68.27
2025-05-29 20:24:24.766,191,369,434,379,447,0.84,130,54,-134,22.12,146.15,5.494,54.00,-134.00,22.12,68.05
2025-05-29 20:24:24.977,192,369,434,379,447,0.84,130,54,-134,22.12,146.15,5.509,54.00,-134.00,22.12,68.05
2025-05-29 20:24:25.148,193,369,434,379,447,0.84,130,54,-134,22.12,146.15,5.316,54.00,-134.00,22.12,68.05
2025-05-29 20:24:25.309,194,369,434,379,447,0.84,130,54,-134,22.12,146.15,5.619,54.00,-134.00,22.12,68.05
2025-05-29 20:24:25.499,195,369,435,379,447,0.83,120,54,-134,22.92,146.28,5.556,54.00,-134.00,22.92,68.05
2025-05-29 20:24:25.682,196,369,435,379,447,0.84,120,54,-134,22.92,146.28,5.487,54.00,-134.00,22.92,68.05
2025-05-29 20:24:25.860,197,369,434,379,447,0.82,130,54,-134,22.12,146.15,5.486,54.00,-134.00,22.12,68.05
2025-05-29 20:24:26.037,198,369,434,379,447,0.83,130,54,-134,22.12,146.15,5.325,54.00,-134.00,22.12,68.05
2025-05-29 20:24:26.211,199,369,434,378,447,0.83,117,53,-133,23.50,145.09,5.607,53.00,-133.00,23.50,68.27
2025-05-29 20:24:26.404,200,369,434,379,447,0.85,130,54,-134,6.70,144.63,5.530,54.00,-134.00,6.70,68.05
2025-05-29 20:24:26.595,201,369,434,379,447,0.84,130,54,-134,22.12,146.15,5.480,54.00,-134.00,22.12,68.05
2025-05-29 20:24:26.783,202,369,434,379,447,0.84,130,54,-134,22.12,146.15,5.500,54.00,-134.00,22.12,68.05
2025-05-29 20:24:26.971,203,369,434,379,447,0.83,130,54,-134,22.12,146.15,5.502,54.00,-134.00,22.12,68.05
2025-05-29 20:24:27.154,204,369,434,379,447,0.85,130,54,-134,22.12,146.15,5.727,54.00,-134.00,22.12,68.05
2025-05-29 20:24:27.339,205,369,434,379,447,0.83,130,54,-134,22.12,146.15,5.565,54.00,-134.00,22.12,68.05
2025-05-29 20:24:27.513,206,369,434,379,447,0.84,130,54,-134,22.12,146.15,5.711,54.00,-134.00,22.12,68.05
2025-05-29 20:24:27.703,207,369,434,379,447,0.84,130,54,-134,22.12,146.15,5.574,54.00,-134.00,22.12,68.05
2025-05-29 20:24:27.867,208,369,434,379,447,0.84,130,54,-134,22.12,146.15,5.438,54.00,-134.00,22.12,68.05
2025-05-29 20:24:28.033,209,369,434,379,447,0.85,130,54,-134,22.12,146.15,5.496,54.00,-134.00,22.12,68.05
2025-05-29 20:24:28.201,210,369,434,379,447,0.82,130,54,-134,6.70,144.63,5.413,54.00,-134.00,6.70,68.05
2025-05-29 20:24:28.357,211,369,434,379,447,0.82,130,54,-134,22.12,146.15,5.305,54.00,-134.00,22.12,68.05
2025-05-29 20:24:28.573,212,369,434,379,447,0.84,130,54,-134,22.12,146.15,5.495,54.00,-134.00,22.12,68.05
2025-05-29 20:24:28.745,213,369,434,379,447,0.84,130,54,-134,22.12,146.15,5.473,54.00,-134.00,22.12,68.05
2025-05-29 20:24:28.918,214,369,434,379,447,0.85,130,54,-134,22.12,146.15,5.384,54.00,-134.00,22.12,68.05
2025-05-29 20:24:29.105,215,369,434,379,447,0.82,130,54,-134,22.12,146.15,5.548,54.00,-134.00,22.12,68.05
2025-05-29 20:24:29.263,216,369,435,379,447,0.83,120,54,-134,22.92,146.28,5.426,54.00,-134.00,22.92,68.05
2025-05-29 20:24:29.439,217,369,434,379,447,0.85,130,54,-134,22.12,146.15,5.578,54.00,-134.00,22.12,68.05
2025-05-29 20:24:29.596,218,369,435,379,447,0.85,120,54,-134,22.92,146.28,5.580,54.00,-134.00,22.92,68.05
2025-05-29 20:24:29.776,219,369,434,379,447,0.83,130,54,-134,22.12,146.15,5.740,54.00,-134.00,22.12,68.05
2025-05-29 20:24:29.935,220,369,434,378,447,0.84,117,53,-133,6.70,143.33,5.548,53.00,-133.00,6.70,68.27
2025-05-29 20:24:30.106,221,369,434,379,447,0.85,130,54,-134,22.12,146.15,5.531,54.00,-134.00,22.12,68.05
2025-05-29 20:24:30.289,222,369,434,379,447,0.84,130,54,-134,22.12,146.15,5.387,54.00,-134.00,22.12,68.05
2025-05-29 20:24:30.460,223,369,434,379,447,0.83,130,54,-134,22.12,146.15,5.456,54.00,-134.00,22.12,68.05
2025-05-29 20:24:30.644,224,369,434,379,447,0.80,130,54,-134,22.12,146.15,5.384,54.00,-134.00,22.12,68.05
2025-05-29 20:24:30.842,225,369,434,379,447,0.85,130,54,-134,22.12,146.15,5.277,54.00,-134.00,22.12,68.05
2025-05-29 20:24:31.015,226,369,434,379,447,0.85,130,54,-134,22.12,146.15,5.466,54.00,-134.00,22.12,68.05
2025-05-29 20:24:31.179,227,369,434,379,447,0.84,130,54,-134,22.12,146.15,5.629,54.00,-134.00,22.12,68.05
2025-05-29 20:24:31.349,228,369,434,379,447,0.83,130,54,-134,22.12,146.15,5.578,54.00,-134.00,22.12,68.05
2025-05-29 20:24:31.520,229,369,434,379,447,0.84,130,54,-134,22.12,146.15,5.677,54.00,-134.00,22.12,68.05
2025-05-29 20:24:31.693,230,369,434,379,447,0.83,130,54,-134,6.70,144.63,5.515,54.00,-134.00,6.70,68.05
2025-05-29 20:24:31.862,231,369,434,379,447,0.79,130,54,-134,22.12,146.15,5.450,54.00,-134.00,22.12,68.05
2025-05-29 20:24:32.036,232,369,434,379,447,0.83,130,54,-134,22.12,146.15,5.285,54.00,-134.00,22.12,68.05
2025-05-29 20:24:32.203,233,369,434,379,447,0.85,130,54,-134,22.12,146.15,5.766,54.00,-134.00,22.12,68.05
2025-05-29 20:24:32.367,234,369,434,379,447,0.83,130,54,-134,22.12,146.15,5.336,54.00,-134.00,22.12,68.05
2025-05-29 20:24:32.553,235,369,435,379,447,0.82,120,54,-134,22.92,146.28,5.384,54.00,-134.00,22.92,68.05
2025-05-29 20:24:32.744,236,369,434,379,447,0.84,130,54,-134,22.12,146.15,5.422,54.00,-134.00,22.12,68.05
2025-05-29 20:24:32.927,237,369,434,379,447,0.82,130,54,-134,22.12,146.15,5.525,54.00,-134.00,22.12,68.05
2025-05-29 20:24:33.105,238,369,434,379,447,0.85,130,54,-134,22.12,146.15,5.510,54.00,-134.00,22.12,68.05
2025-05-29 20:24:33.276,239,369,434,379,447,0.85,130,54,-134,22.12,146.15,5.735,54.00,-134.00,22.12,68.05
2025-05-29 20:24:33.438,240,369,435,379,447,0.84,120,54,-134,6.70,144.63,5.432,54.00,-134.00,6.70,68.05
2025-05-29 20:24:33.619,241,369,434,379,447,0.86,130,54,-134,22.12,146.15,5.445,54.00,-134.00,22.12,68.05
2025-05-29 20:24:33.802,242,369,434,379,447,0.82,130,54,-134,22.12,146.15,5.599,54.00,-134.00,22.12,68.05
2025-05-29 20:24:33.980,243,369,434,379,447,0.86,130,54,-134,22.12,146.15,5.391,54.00,-134.00,22.12,68.05
2025-05-29 20:24:34.147,244,369,434,379,447,0.85,130,54,-134,22.12,146.15,5.539,54.00,-134.00,22.12,68.05
2025-05-29 20:24:34.300,245,369,434,379,447,0.84,130,54,-134,22.12,146.15,5.502,54.00,-134.00,22.12,68.05
2025-05-29 20:24:34.463,246,369,434,379,447,0.85,130,54,-134,22.12,146.15,5.749,54.00,-134.00,22.12,68.05
2025-05-29 20:24:34.650,247,369,434,379,447,0.85,130,54,-134,22.12,146.15,5.684,54.00,-134.00,22.12,68.05
2025-05-29 20:24:34.833,248,369,435,379,447,0.83,120,54,-134,22.92,146.28,5.575,54.00,-134.00,22.92,68.05
2025-05-29 20:24:35.008,249,369,434,379,447,0.84,130,54,-134,22.12,146.15,5.472,54.00,-134.00,22.12,68.05
2025-05-29 20:24:35.182,250,369,434,379,447,0.82,130,54,-134,6.70,144.63,5.495,54.00,-134.00,6.70,68.05
2025-05-29 20:24:35.352,251,369,434,379,447,0.86,130,54,-134,22.12,146.15,5.455,54.00,-134.00,22.12,68.05
2025-05-29 20:24:35.536,252,369,434,379,447,0.85,130,54,-134,22.12,146.15,5.344,54.00,-134.00,22.12,68.05
2025-05-29 20:24:35.731,253,369,434,379,447,0.84,130,54,-134,22.12,146.15,5.262,54.00,-134.00,22.12,68.05
2025-05-29 20:24:35.918,254,369,434,379,447,0.85,130,54,-134,22.12,146.15,5.789,54.00,-134.00,22.12,68.05
2025-05-29 20:24:36.100,255,369,434,379,447,0.85,130,54,-134,22.12,146.15,5.387,54.00,-134.00,22.12,68.05
2025-05-29 20:24:36.276,256,369,434,379,447,0.82,130,54,-134,22.12,146.15,5.655,54.00,-134.00,22.12,68.05
2025-05-29 20:24:36.452,257,369,434,379,447,0.85,130,54,-134,22.12,146.15,5.503,54.00,-134.00,22.12,68.05
2025-05-29 20:24:36.628,258,369,434,379,447,0.84,130,54,-134,22.12,146.15,5.795,54.00,-134.00,22.12,68.05
2025-05-29 20:24:36.822,259,369,434,379,447,0.81,130,54,-134,22.12,146.15,5.696,54.00,-134.00,22.12,68.05
2025-05-29 20:24:37.008,260,369,434,379,447,0.82,130,54,-134,6.72,144.63,5.728,54.00,-134.00,6.72,68.05
2025-05-29 20:24:37.176,261,369,434,379,447,0.83,130,54,-134,22.12,146.15,5.504,54.00,-134.00,22.12,68.05
2025-05-29 20:24:37.345,262,369,434,379,447,0.86,130,54,-134,22.12,146.15,5.468,54.00,-134.00,22.12,68.05
2025-05-29 20:24:37.543,263,369,434,379,447,0.82,130,54,-134,22.12,146.15,5.610,54.00,-134.00,22.12,68.05
2025-05-29 20:24:37.739,264,369,434,379,447,0.82,130,54,-134,22.12,146.15,5.643,54.00,-134.00,22.12,68.05
2025-05-29 20:24:37.976,265,369,434,379,447,0.84,130,54,-134,22.12,146.15,5.519,54.00,-134.00,22.12,68.05
2025-05-29 20:24:38.153,266,369,434,379,447,0.85,130,54,-134,22.12,146.15,5.615,54.00,-134.00,22.12,68.05
2025-05-29 20:24:38.316,267,369,434,379,447,0.83,130,54,-134,22.12,146.15,5.691,54.00,-134.00,22.12,68.05
2025-05-29 20:24:38.476,268,369,434,379,447,0.81,130,54,-134,22.12,146.15,5.476,54.00,-134.00,22.12,68.05
2025-05-29 20:24:38.693,269,369,434,379,447,0.85,130,54,-134,22.12,146.15,5.649,54.00,-134.00,22.12,68.05
2025-05-29 20:24:38.947,270,369,434,379,447,0.85,130,54,-134,6.70,144.63,5.299,54.00,-134.00,6.70,68.05
2025-05-29 20:24:39.161,271,369,434,379,447,0.83,130,54,-134,22.12,146.15,5.480,54.00,-134.00,22.12,68.05
2025-05-29 20:24:39.345,272,369,434,379,447,0.83,130,54,-134,22.12,146.15,5.459,54.00,-134.00,22.12,68.05
2025-05-29 20:24:39.522,273,369,434,379,447,0.84,130,54,-134,22.12,146.15,5.416,54.00,-134.00,22.12,68.05
2025-05-29 20:24:39.721,274,369,435,379,447,0.85,120,54,-134,22.92,146.28,5.556,54.00,-134.00,22.92,68.05
2025-05-29 20:24:39.890,275,369,435,379,447,0.85,120,54,-134,22.92,146.28,5.333,54.00,-134.00,22.92,68.05
2025-05-29 20:24:40.064,276,369,434,379,447,0.84,130,54,-134,22.12,146.15,5.477,54.00,-134.00,22.12,68.05
2025-05-29 20:24:40.242,277,369,435,379,447,0.85,120,54,-134,22.92,146.28,5.352,54.00,-134.00,22.92,68.05
2025-05-29 20:24:40.410,278,369,434,379,447,0.83,130,54,-134,22.12,146.15,5.221,54.00,-134.00,22.12,68.05
2025-05-29 20:24:40.574,279,369,434,379,447,0.84,130,54,-134,22.12,146.15,5.488,54.00,-134.00,22.12,68.05
2025-05-29 20:24:40.760,280,369,434,379,447,0.81,130,54,-134,6.70,144.63,5.462,54.00,-134.00,6.70,68.05
2025-05-29 20:24:40.950,281,369,434,379,447,0.85,130,54,-134,22.12,146.15,5.665,54.00,-134.00,22.12,68.05
2025-05-29 20:24:41.105,282,369,434,379,447,0.85,130,54,-134,22.12,146.15,5.683,54.00,-134.00,22.12,68.05
2025-05-29 20:24:41.271,283,369,434,379,447,0.83,130,54,-134,22.12,146.15,5.465,54.00,-134.00,22.12,68.05
2025-05-29 20:24:41.445,284,369,434,379,447,0.84,130,54,-134,22.12,146.15,5.399,54.00,-134.00,22.12,68.05
2025-05-29 20:24:41.613,285,369,434,379,447,0.83,130,54,-134,22.12,146.15,5.508,54.00,-134.00,22.12,68.05
2025-05-29 20:24:41.807,286,369,434,379,447,0.85,130,54,-134,22.12,146.15,5.517,54.00,-134.00,22.12,68.05
2025-05-29 20:24:41.985,287,369,434,379,447,0.83,130,54,-134,22.12,146.15,5.545,54.00,-134.00,22.12,68.05
2025-05-29 20:24:42.152,288,369,434,379,447,0.85,130,54,-134,22.12,146.15,5.426,54.00,-134.00,22.12,68.05
2025-05-29 20:24:42.312,289,369,434,379,447,0.83,130,54,-134,22.12,146.15,5.362,54.00,-134.00,22.12,68.05
2025-05-29 20:24:42.472,290,369,434,379,447,0.84,130,54,-134,6.72,144.63,5.691,54.00,-134.00,6.72,68.05
2025-05-29 20:24:42.655,291,369,434,379,447,0.83,130,54,-134,22.12,146.15,5.627,54.00,-134.00,22.12,68.05
2025-05-29 20:24:42.856,292,369,434,379,447,0.82,130,54,-134,22.12,146.15,5.555,54.00,-134.00,22.12,68.05
2025-05-29 20:24:43.057,293,369,434,379,447,0.83,130,54,-134,22.12,146.15,5.172,54.00,-134.00,22.12,68.05
2025-05-29 20:24:43.244,294,369,434,379,447,0.85,130,54,-134,22.12,146.15,5.582,54.00,-134.00,22.12,68.05
2025-05-29 20:24:43.426,295,369,435,379,447,0.80,120,54,-134,22.92,146.28,5.718,54.00,-134.00,22.92,68.05
2025-05-29 20:24:43.626,296,369,434,379,447,0.85,130,54,-134,22.12,146.15,5.605,54.00,-134.00,22.12,68.05
2025-05-29 20:24:43.812,297,369,434,379,447,0.79,130,54,-134,22.12,146.15,5.545,54.00,-134.00,22.12,68.05
2025-05-29 20:24:44.006,298,369,434,379,447,0.85,130,54,-134,22.12,146.15,5.252,54.00,-134.00,22.12,68.05
2025-05-29 20:24:44.196,299,369,434,379,447,0.83,130,54,-134,22.12,146.15,5.293,54.00,-134.00,22.12,68.05
2025-05-29 20:24:44.370,300,369,434,379,447,0.85,130,54,-134,6.72,144.63,5.718,54.00,-134.00,6.72,68.05
2025-05-29 20:24:44.562,301,369,434,379,447,0.83,130,54,-134,22.12,146.15,5.453,54.00,-134.00,22.12,68.05
2025-05-29 20:24:44.769,302,369,434,379,447,0.84,130,54,-134,22.12,146.15,5.509,54.00,-134.00,22.12,68.05
2025-05-29 20:24:44.950,303,369,434,379,447,0.85,130,54,-134,22.12,146.15,5.363,54.00,-134.00,22.12,68.05
2025-05-29 20:24:45.155,304,369,434,379,447,0.83,130,54,-134,22.12,146.15,5.574,54.00,-134.00,22.12,68.05
2025-05-29 20:24:45.357,305,369,434,379,447,0.84,130,54,-134,22.12,146.15,5.368,54.00,-134.00,22.12,68.05
2025-05-29 20:24:45.573,306,369,434,379,447,0.83,130,54,-134,22.12,146.15,5.583,54.00,-134.00,22.12,68.05
2025-05-29 20:24:45.779,307,369,434,379,447,0.87,130,54,-134,22.12,146.15,5.690,54.00,-134.00,22.12,68.05
2025-05-29 20:24:45.990,308,369,434,379,447,0.82,130,54,-134,22.12,146.15,5.380,54.00,-134.00,22.12,68.05
2025-05-29 20:24:46.189,309,369,434,379,447,0.81,130,54,-134,22.12,146.15,5.707,54.00,-134.00,22.12,68.05
2025-05-29 20:24:46.387,310,369,434,379,447,0.84,130,54,-134,6.70,144.63,5.525,54.00,-134.00,6.70,68.05
2025-05-29 20:24:46.558,311,369,434,379,447,0.86,130,54,-134,22.12,146.15,5.516,54.00,-134.00,22.12,68.05
2025-05-29 20:24:46.801,312,369,434,379,447,0.84,130,54,-134,22.12,146.15,5.329,54.00,-134.00,22.12,68.05
2025-05-29 20:24:47.051,313,369,434,379,447,0.83,130,54,-134,22.12,146.15,5.546,54.00,-134.00,22.12,68.05
2025-05-29 20:24:47.239,314,369,434,379,447,0.85,130,54,-134,22.12,146.15,5.349,54.00,-134.00,22.12,68.05
2025-05-29 20:24:47.433,315,369,434,379,447,0.85,130,54,-134,22.12,146.15,5.439,54.00,-134.00,22.12,68.05
2025-05-29 20:24:47.632,316,369,434,379,447,0.84,130,54,-134,22.12,146.15,5.416,54.00,-134.00,22.12,68.05
2025-05-29 20:24:47.818,317,369,434,379,447,0.82,130,54,-134,22.12,146.15,5.667,54.00,-134.00,22.12,68.05
2025-05-29 20:24:48.002,318,369,434,379,447,0.84,130,54,-134,22.12,146.15,5.588,54.00,-134.00,22.12,68.05
2025-05-29 20:24:48.179,319,369,434,379,447,0.77,130,54,-134,22.12,146.15,5.891,54.00,-134.00,22.12,68.05
2025-05-29 20:24:48.357,320,369,434,379,447,0.84,130,54,-134,6.70,144.63,5.313,54.00,-134.00,6.70,68.05
2025-05-29 20:24:48.523,321,369,434,379,447,0.81,130,54,-134,22.12,146.15,5.554,54.00,-134.00,22.12,68.05
2025-05-29 20:24:48.741,322,369,434,379,447,0.81,130,54,-134,22.12,146.15,5.584,54.00,-134.00,22.12,68.05
2025-05-29 20:24:48.948,323,369,434,379,447,0.84,130,54,-134,22.12,146.15,5.344,54.00,-134.00,22.12,68.05
2025-05-29 20:24:49.139,324,369,435,379,447,0.81,120,54,-134,22.92,146.28,5.530,54.00,-134.00,22.92,68.05
2025-05-29 20:24:49.348,325,369,434,379,447,0.84,130,54,-134,22.12,146.15,5.488,54.00,-134.00,22.12,68.05
2025-05-29 20:24:49.566,326,369,435,379,447,0.82,120,54,-134,22.92,146.28,5.568,54.00,-134.00,22.92,68.05
2025-05-29 20:24:49.761,327,369,434,379,447,0.84,130,54,-134,22.12,146.15,5.529,54.00,-134.00,22.12,68.05
2025-05-29 20:24:49.959,328,369,434,379,447,0.83,130,54,-134,22.12,146.15,5.204,54.00,-134.00,22.12,68.05
2025-05-29 20:24:50.147,329,369,434,379,447,0.82,130,54,-134,22.12,146.15,5.193,54.00,-134.00,22.12,68.05
2025-05-29 20:24:50.347,330,369,434,379,447,0.84,130,54,-134,6.70,144.63,5.432,54.00,-134.00,6.70,68.05
2025-05-29 20:24:50.555,331,301,436,310,448,0.70,108,-15,-65,24.31,71.00,5.609,-15.00,-65.00,24.31,102.99
2025-05-29 20:24:50.791,332,301,436,310,448,0.68,108,-15,-65,24.31,71.00,5.543,-15.00,-65.00,24.31,102.99
2025-05-29 20:24:51.013,333,301,436,310,448,0.60,108,-15,-65,24.31,71.00,5.485,-15.00,-65.00,24.31,102.99
2025-05-29 20:24:51.235,334,301,436,310,448,0.67,108,-15,-65,24.31,71.00,5.300,-15.00,-65.00,24.31,102.99
2025-05-29 20:24:51.429,335,301,436,310,448,0.67,108,-15,-65,24.31,71.00,5.571,-15.00,-65.00,24.31,102.99
2025-05-29 20:24:51.627,336,301,436,311,448,0.69,120,-14,-66,22.92,71.25,5.507,-14.00,-66.00,22.92,101.98
2025-05-29 20:24:51.825,337,301,436,310,448,0.71,108,-15,-65,24.31,71.00,5.413,-15.00,-65.00,24.31,102.99
2025-05-29 20:24:52.021,338,369,435,379,447,0.78,120,54,-134,22.92,146.28,5.433,54.00,-134.00,22.92,68.05
2025-05-29 20:24:52.318,339,369,435,379,447,0.82,120,54,-134,22.92,146.28,5.498,54.00,-134.00,22.92,68.05
2025-05-29 20:24:52.568,340,254,436,265,448,0.79,132,-61,-19,6.52,64.22,5.651,-61.00,-19.00,6.52,162.70
2025-05-29 20:24:52.803,341,369,435,379,447,0.78,120,54,-134,22.92,146.28,5.574,54.00,-134.00,22.92,68.05
2025-05-29 20:24:53.027,342,369,434,379,447,0.81,130,54,-134,22.12,146.15,5.673,54.00,-134.00,22.12,68.05
2025-05-29 20:24:53.209,343,369,434,379,447,0.81,130,54,-134,22.12,146.15,5.422,54.00,-134.00,22.12,68.05
2025-05-29 20:24:53.416,344,369,435,379,447,0.81,120,54,-134,22.92,146.28,5.587,54.00,-134.00,22.92,68.05
2025-05-29 20:24:53.627,345,369,434,379,447,0.84,130,54,-134,22.12,146.15,5.673,54.00,-134.00,22.12,68.05
2025-05-29 20:24:53.838,346,369,434,379,447,0.84,130,54,-134,22.12,146.15,5.618,54.00,-134.00,22.12,68.05
2025-05-29 20:24:54.048,347,369,434,379,447,0.85,130,54,-134,22.12,146.15,5.513,54.00,-134.00,22.12,68.05
2025-05-29 20:24:54.262,348,369,434,379,447,0.83,130,54,-134,22.12,146.15,5.796,54.00,-134.00,22.12,68.05
2025-05-29 20:24:54.451,349,369,434,379,447,0.81,130,54,-134,22.12,146.15,5.733,54.00,-134.00,22.12,68.05
2025-05-29 20:24:54.679,350,369,434,379,447,0.83,130,54,-134,6.70,144.63,5.478,54.00,-134.00,6.70,68.05
2025-05-29 20:24:54.896,351,369,435,379,447,0.81,120,54,-134,22.92,146.28,5.537,54.00,-134.00,22.92,68.05
2025-05-29 20:24:55.112,352,369,434,379,447,0.81,130,54,-134,22.12,146.15,5.482,54.00,-134.00,22.12,68.05
2025-05-29 20:24:55.347,353,369,434,379,447,0.84,130,54,-134,22.12,146.15,5.486,54.00,-134.00,22.12,68.05
2025-05-29 20:24:55.531,354,369,435,379,447,0.84,120,54,-134,22.92,146.28,5.367,54.00,-134.00,22.92,68.05
2025-05-29 20:24:55.733,355,369,434,379,447,0.83,130,54,-134,22.12,146.15,5.308,54.00,-134.00,22.12,68.05
2025-05-29 20:24:55.938,356,369,434,379,447,0.84,130,54,-134,22.12,146.15,5.754,54.00,-134.00,22.12,68.05
2025-05-29 20:24:56.128,357,369,434,379,447,0.85,130,54,-134,22.12,146.15,5.324,54.00,-134.00,22.12,68.05
2025-05-29 20:24:56.342,358,369,434,379,447,0.83,130,54,-134,22.12,146.15,5.648,54.00,-134.00,22.12,68.05
2025-05-29 20:24:56.550,359,369,434,379,447,0.82,130,54,-134,22.12,146.15,5.629,54.00,-134.00,22.12,68.05
2025-05-29 20:24:56.864,360,369,434,379,447,0.84,130,54,-134,6.68,144.63,5.260,54.00,-134.00,6.68,68.05
2025-05-29 20:24:57.135,361,369,434,379,447,0.82,130,54,-134,22.12,146.15,5.705,54.00,-134.00,22.12,68.05
2025-05-29 20:24:57.393,362,369,434,379,447,0.84,130,54,-134,22.12,146.15,5.323,54.00,-134.00,22.12,68.05
2025-05-29 20:24:57.640,363,369,434,379,447,0.79,130,54,-134,22.12,146.15,5.372,54.00,-134.00,22.12,68.05
2025-05-29 20:24:57.960,364,369,434,379,447,0.83,130,54,-134,22.12,146.15,5.641,54.00,-134.00,22.12,68.05
2025-05-29 20:24:58.199,365,369,434,379,447,0.81,130,54,-134,22.12,146.15,5.482,54.00,-134.00,22.12,68.05
2025-05-29 20:24:58.433,366,369,435,378,447,0.85,108,53,-133,24.31,145.22,5.335,53.00,-133.00,24.31,68.27
2025-05-29 20:24:58.794,367,369,434,379,447,0.84,130,54,-134,22.12,146.15,5.635,54.00,-134.00,22.12,68.05
2025-05-29 20:24:59.076,368,369,434,379,447,0.84,130,54,-134,22.12,146.15,5.500,54.00,-134.00,22.12,68.05
2025-05-29 20:24:59.303,369,369,434,379,447,0.84,130,54,-134,22.12,146.15,5.422,54.00,-134.00,22.12,68.05
2025-05-29 20:24:59.532,370,369,434,379,447,0.85,130,54,-134,6.70,144.63,5.372,54.00,-134.00,6.70,68.05
2025-05-29 20:24:59.816,371,369,434,379,447,0.82,130,54,-134,22.12,146.15,5.361,54.00,-134.00,22.12,68.05
2025-05-29 20:25:00.068,372,369,434,379,447,0.82,130,54,-134,22.12,146.15,5.401,54.00,-134.00,22.12,68.05
2025-05-29 20:25:00.351,373,369,434,379,447,0.83,130,54,-134,22.12,146.15,5.286,54.00,-134.00,22.12,68.05
2025-05-29 20:25:00.581,374,369,434,379,447,0.83,130,54,-134,22.12,146.15,5.401,54.00,-134.00,22.12,68.05
2025-05-29 20:25:00.860,375,369,434,379,447,0.83,130,54,-134,22.12,146.15,5.786,54.00,-134.00,22.12,68.05
2025-05-29 20:25:01.195,376,369,434,379,447,0.84,130,54,-134,22.12,146.15,5.622,54.00,-134.00,22.12,68.05
2025-05-29 20:25:01.444,377,369,435,379,447,0.83,120,54,-134,22.92,146.28,5.362,54.00,-134.00,22.92,68.05
2025-05-29 20:25:01.748,378,369,434,379,447,0.84,130,54,-134,22.12,146.15,5.615,54.00,-134.00,22.12,68.05
2025-05-29 20:25:02.026,379,369,434,379,447,0.83,130,54,-134,22.12,146.15,5.623,54.00,-134.00,22.12,68.05
2025-05-29 20:25:02.263,380,369,434,379,447,0.85,130,54,-134,6.70,144.63,5.458,54.00,-134.00,6.70,68.05
2025-05-29 20:25:02.495,381,369,434,379,447,0.83,130,54,-134,22.12,146.15,5.696,54.00,-134.00,22.12,68.05
2025-05-29 20:25:02.790,382,369,434,379,447,0.84,130,54,-134,22.12,146.15,5.640,54.00,-134.00,22.12,68.05
2025-05-29 20:25:03.101,383,369,435,379,447,0.84,120,54,-134,22.92,146.28,5.436,54.00,-134.00,22.92,68.05
2025-05-29 20:25:03.341,384,369,434,379,447,0.84,130,54,-134,22.12,146.15,5.449,54.00,-134.00,22.12,68.05
2025-05-29 20:25:03.592,385,369,434,379,447,0.84,130,54,-134,22.12,146.15,5.512,54.00,-134.00,22.12,68.05
2025-05-29 20:25:03.814,386,369,434,379,447,0.82,130,54,-134,22.12,146.15,5.470,54.00,-134.00,22.12,68.05
2025-05-29 20:25:04.037,387,369,434,379,447,0.82,130,54,-134,22.12,146.15,5.246,54.00,-134.00,22.12,68.05
2025-05-29 20:25:04.260,388,369,434,379,447,0.82,130,54,-134,22.12,146.15,5.905,54.00,-134.00,22.12,68.05
2025-05-29 20:25:04.483,389,369,434,379,447,0.83,130,54,-134,22.12,146.15,5.384,54.00,-134.00,22.12,68.05
2025-05-29 20:25:04.732,390,369,434,379,447,0.86,130,54,-134,6.72,144.63,5.762,54.00,-134.00,6.72,68.05
2025-05-29 20:25:04.981,391,369,434,379,447,0.86,130,54,-134,22.12,146.15,5.300,54.00,-134.00,22.12,68.05
2025-05-29 20:25:05.302,392,369,435,379,447,0.83,120,54,-134,22.92,146.28,5.582,54.00,-134.00,22.92,68.05
2025-05-29 20:25:05.582,393,369,435,379,447,0.81,120,54,-134,22.92,146.28,5.354,54.00,-134.00,22.92,68.05
2025-05-29 20:25:05.835,394,369,434,379,447,0.84,130,54,-134,22.12,146.15,5.596,54.00,-134.00,22.12,68.05
2025-05-29 20:25:06.052,395,369,434,379,447,0.83,130,54,-134,22.12,146.15,5.585,54.00,-134.00,22.12,68.05
2025-05-29 20:25:06.267,396,369,434,379,447,0.85,130,54,-134,22.12,146.15,5.635,54.00,-134.00,22.12,68.05
2025-05-29 20:25:06.461,397,369,434,379,447,0.83,130,54,-134,22.12,146.15,5.191,54.00,-134.00,22.12,68.05
2025-05-29 20:25:06.655,398,369,434,379,447,0.85,130,54,-134,22.12,146.15,5.577,54.00,-134.00,22.12,68.05
2025-05-29 20:25:06.885,399,369,434,379,447,0.85,130,54,-134,22.12,146.15,5.322,54.00,-134.00,22.12,68.05
2025-05-29 20:25:07.172,400,369,435,379,447,0.83,120,54,-134,6.70,144.63,5.619,54.00,-134.00,6.70,68.05
2025-05-29 20:25:07.377,401,369,434,379,447,0.82,130,54,-134,22.12,146.15,5.387,54.00,-134.00,22.12,68.05
2025-05-29 20:25:07.614,402,369,435,379,447,0.84,120,54,-134,22.92,146.28,5.505,54.00,-134.00,22.92,68.05
2025-05-29 20:25:07.815,403,369,434,379,447,0.85,130,54,-134,22.12,146.15,5.419,54.00,-134.00,22.12,68.05
2025-05-29 20:25:08.036,404,369,435,379,447,0.84,120,54,-134,22.92,146.28,5.270,54.00,-134.00,22.92,68.05
2025-05-29 20:25:08.265,405,369,434,379,447,0.82,130,54,-134,22.12,146.15,5.736,54.00,-134.00,22.12,68.05
2025-05-29 20:25:08.469,406,369,434,379,447,0.81,130,54,-134,22.12,146.15,5.772,54.00,-134.00,22.12,68.05
2025-05-29 20:25:08.669,407,369,435,379,447,0.83,120,54,-134,22.92,146.28,5.306,54.00,-134.00,22.92,68.05
2025-05-29 20:25:08.878,408,369,434,379,447,0.84,130,54,-134,22.12,146.15,5.656,54.00,-134.00,22.12,68.05
2025-05-29 20:25:09.070,409,369,435,379,447,0.85,120,54,-134,22.92,146.28,5.450,54.00,-134.00,22.92,68.05
2025-05-29 20:25:09.264,410,369,435,379,447,0.85,120,54,-134,6.70,144.63,5.348,54.00,-134.00,6.70,68.05
2025-05-29 20:25:09.470,411,369,434,379,447,0.85,130,54,-134,22.12,146.15,5.533,54.00,-134.00,22.12,68.05
2025-05-29 20:25:09.704,412,369,434,379,447,0.83,130,54,-134,22.12,146.15,5.341,54.00,-134.00,22.12,68.05
2025-05-29 20:25:09.898,413,369,434,379,447,0.84,130,54,-134,22.12,146.15,5.415,54.00,-134.00,22.12,68.05
2025-05-29 20:25:10.099,414,369,434,379,447,0.83,130,54,-134,22.12,146.15,5.373,54.00,-134.00,22.12,68.05
2025-05-29 20:25:10.294,415,369,434,379,447,0.81,130,54,-134,22.12,146.15,5.552,54.00,-134.00,22.12,68.05
2025-05-29 20:25:10.496,416,369,434,379,447,0.84,130,54,-134,22.12,146.15,5.625,54.00,-134.00,22.12,68.05
2025-05-29 20:25:10.698,417,369,434,379,447,0.86,130,54,-134,22.12,146.15,5.422,54.00,-134.00,22.12,68.05
2025-05-29 20:25:10.899,418,369,434,379,447,0.86,130,54,-134,22.12,146.15,5.323,54.00,-134.00,22.12,68.05
2025-05-29 20:25:11.111,419,369,434,379,447,0.84,130,54,-134,22.12,146.15,5.390,54.00,-134.00,22.12,68.05
2025-05-29 20:25:11.312,420,369,434,379,447,0.85,130,54,-134,6.70,144.63,5.431,54.00,-134.00,6.70,68.05
2025-05-29 20:25:11.632,421,369,434,379,447,0.84,130,54,-134,22.12,146.15,5.498,54.00,-134.00,22.12,68.05
2025-05-29 20:25:11.953,422,369,434,379,447,0.84,130,54,-134,22.12,146.15,5.552,54.00,-134.00,22.12,68.05
2025-05-29 20:25:12.226,423,369,434,379,447,0.85,130,54,-134,22.12,146.15,5.694,54.00,-134.00,22.12,68.05
2025-05-29 20:25:12.497,424,369,434,379,447,0.83,130,54,-134,22.12,146.15,5.540,54.00,-134.00,22.12,68.05
2025-05-29 20:25:12.789,425,369,434,379,447,0.84,130,54,-134,22.12,146.15,5.509,54.00,-134.00,22.12,68.05
2025-05-29 20:25:13.021,426,369,435,379,447,0.83,120,54,-134,22.92,146.28,5.398,54.00,-134.00,22.92,68.05
2025-05-29 20:25:13.261,427,369,434,379,447,0.84,130,54,-134,22.12,146.15,5.524,54.00,-134.00,22.12,68.05
2025-05-29 20:25:13.480,428,369,434,379,447,0.85,130,54,-134,22.12,146.15,5.806,54.00,-134.00,22.12,68.05
2025-05-29 20:25:13.717,429,369,434,379,447,0.82,130,54,-134,22.12,146.15,5.672,54.00,-134.00,22.12,68.05
2025-05-29 20:25:13.918,430,369,434,379,447,0.85,130,54,-134,6.70,144.63,5.493,54.00,-134.00,6.70,68.05
2025-05-29 20:25:14.126,431,369,434,379,447,0.83,130,54,-134,22.12,146.15,5.381,54.00,-134.00,22.12,68.05
2025-05-29 20:25:14.355,432,369,434,379,447,0.86,130,54,-134,22.12,146.15,5.866,54.00,-134.00,22.12,68.05
2025-05-29 20:25:14.551,433,369,434,379,447,0.86,130,54,-134,22.12,146.15,5.561,54.00,-134.00,22.12,68.05
2025-05-29 20:25:14.753,434,369,434,379,447,0.83,130,54,-134,22.12,146.15,5.522,54.00,-134.00,22.12,68.05
2025-05-29 20:25:14.953,435,369,434,379,447,0.82,130,54,-134,22.12,146.15,5.675,54.00,-134.00,22.12,68.05
2025-05-29 20:25:15.195,436,369,434,379,447,0.82,130,54,-134,22.12,146.15,5.304,54.00,-134.00,22.12,68.05
2025-05-29 20:25:15.388,437,369,435,379,447,0.82,120,54,-134,22.92,146.28,5.536,54.00,-134.00,22.92,68.05
2025-05-29 20:25:15.607,438,369,434,379,447,0.83,130,54,-134,22.12,146.15,5.538,54.00,-134.00,22.12,68.05
2025-05-29 20:25:15.903,439,369,434,379,447,0.84,130,54,-134,22.12,146.15,5.257,54.00,-134.00,22.12,68.05
2025-05-29 20:25:16.147,440,369,434,379,447,0.83,130,54,-134,6.72,144.63,5.663,54.00,-134.00,6.72,68.05
2025-05-29 20:25:16.367,441,369,434,379,447,0.83,130,54,-134,22.12,146.15,5.471,54.00,-134.00,22.12,68.05
2025-05-29 20:25:16.591,442,369,434,379,447,0.82,130,54,-134,22.12,146.15,5.740,54.00,-134.00,22.12,68.05
2025-05-29 20:25:16.820,443,369,434,379,447,0.83,130,54,-134,22.12,146.15,5.527,54.00,-134.00,22.12,68.05
2025-05-29 20:25:17.035,444,369,434,379,447,0.85,130,54,-134,22.12,146.15,5.451,54.00,-134.00,22.12,68.05
2025-05-29 20:25:17.228,445,369,435,379,447,0.84,120,54,-134,22.92,146.28,5.688,54.00,-134.00,22.92,68.05
2025-05-29 20:25:17.486,446,369,434,379,447,0.84,130,54,-134,22.12,146.15,5.474,54.00,-134.00,22.12,68.05
2025-05-29 20:25:17.700,447,369,434,379,447,0.83,130,54,-134,22.12,146.15,5.701,54.00,-134.00,22.12,68.05
2025-05-29 20:25:17.921,448,369,434,378,447,0.84,117,53,-133,23.50,145.09,5.335,53.00,-133.00,23.50,68.27
2025-05-29 20:25:18.127,449,369,434,379,447,0.83,130,54,-134,22.12,146.15,5.374,54.00,-134.00,22.12,68.05
2025-05-29 20:25:18.364,450,369,434,379,447,0.84,130,54,-134,6.72,144.63,5.728,54.00,-134.00,6.72,68.05
2025-05-29 20:25:18.563,451,369,434,379,447,0.85,130,54,-134,22.12,146.15,5.512,54.00,-134.00,22.12,68.05
2025-05-29 20:25:18.745,452,369,434,379,447,0.83,130,54,-134,22.12,146.15,5.643,54.00,-134.00,22.12,68.05
2025-05-29 20:25:18.936,453,369,434,379,447,0.84,130,54,-134,22.12,146.15,5.816,54.00,-134.00,22.12,68.05
2025-05-29 20:25:19.128,454,369,434,379,447,0.85,130,54,-134,22.12,146.15,5.449,54.00,-134.00,22.12,68.05
2025-05-29 20:25:19.305,455,369,434,379,447,0.84,130,54,-134,22.12,146.15,5.436,54.00,-134.00,22.12,68.05
2025-05-29 20:25:19.518,456,369,435,379,447,0.83,120,54,-134,22.92,146.28,5.600,54.00,-134.00,22.92,68.05
2025-05-29 20:25:19.681,457,369,434,379,447,0.84,130,54,-134,22.12,146.15,5.302,54.00,-134.00,22.12,68.05
2025-05-29 20:25:19.864,458,369,434,379,447,0.83,130,54,-134,22.12,146.15,5.711,54.00,-134.00,22.12,68.05
2025-05-29 20:25:20.042,459,370,434,379,447,0.83,117,54,-134,23.50,146.37,5.750,54.00,-134.00,23.50,68.05
2025-05-29 20:25:20.217,460,369,435,379,447,0.83,120,54,-134,6.70,144.63,5.370,54.00,-134.00,6.70,68.05
2025-05-29 20:25:20.401,461,369,434,379,447,0.82,130,54,-134,22.12,146.15,5.447,54.00,-134.00,22.12,68.05
2025-05-29 20:25:20.580,462,369,434,379,447,0.85,130,54,-134,22.12,146.15,5.353,54.00,-134.00,22.12,68.05
2025-05-29 20:25:20.742,463,370,434,379,447,0.82,117,54,-134,23.50,146.37,5.543,54.00,-134.00,23.50,68.05
2025-05-29 20:25:20.925,464,369,434,379,447,0.85,130,54,-134,22.12,146.15,5.470,54.00,-134.00,22.12,68.05
2025-05-29 20:25:21.103,465,369,434,379,447,0.84,130,54,-134,22.12,146.15,5.392,54.00,-134.00,22.12,68.05
2025-05-29 20:25:21.285,466,369,435,379,447,0.81,120,54,-134,22.92,146.28,5.461,54.00,-134.00,22.92,68.05
2025-05-29 20:25:21.482,467,369,434,379,447,0.82,130,54,-134,22.12,146.15,5.245,54.00,-134.00,22.12,68.05
2025-05-29 20:25:21.658,468,369,435,379,447,0.83,120,54,-134,22.92,146.28,5.489,54.00,-134.00,22.92,68.05
2025-05-29 20:25:21.889,469,369,434,379,447,0.82,130,54,-134,22.12,146.15,5.304,54.00,-134.00,22.12,68.05
2025-05-29 20:25:22.101,470,369,434,379,447,0.84,130,54,-134,6.70,144.63,5.592,54.00,-134.00,6.70,68.05
2025-05-29 20:25:22.293,471,369,435,379,447,0.83,120,54,-134,22.92,146.28,5.649,54.00,-134.00,22.92,68.05
2025-05-29 20:25:22.471,472,369,434,379,447,0.84,130,54,-134,22.12,146.15,5.618,54.00,-134.00,22.12,68.05
2025-05-29 20:25:22.644,473,369,435,379,447,0.82,120,54,-134,22.92,146.28,5.247,54.00,-134.00,22.92,68.05
