Timestamp,Frame,X_min,Y_min,X_max,Y_max,Confidence,area,X,Y,Z_est,Distance_3D,Distance_RealSense,X_rel,Y_rel,Z_rel,Fixed_Angle
2025-05-30 09:34:26.267,1,476,151,498,166,0.42,330,167,-247,14.02,298.49,10.745,167.00,-247.00,14.02,55.94
2025-05-30 09:34:26.484,2,417,445,428,460,0.67,165,102,-182,19.70,209.56,4.735,102.00,-182.00,19.70,60.73
2025-05-30 09:34:26.573,3,514,449,524,462,0.79,130,199,-279,22.12,343.41,4.647,199.00,-279.00,22.12,54.50
2025-05-30 09:34:26.657,4,514,450,524,462,0.80,120,199,-279,22.92,343.46,4.578,199.00,-279.00,22.92,54.50
2025-05-30 09:34:26.721,5,514,449,524,462,0.78,130,199,-279,22.12,343.41,4.677,199.00,-279.00,22.12,54.50
2025-05-30 09:34:26.786,6,418,445,429,459,0.73,154,103,-183,20.29,210.97,4.714,103.00,-183.00,20.29,60.63
2025-05-30 09:34:26.852,7,418,445,429,460,0.78,165,103,-183,19.70,210.92,4.721,103.00,-183.00,19.70,60.63
2025-05-30 09:34:26.922,8,514,449,524,462,0.83,130,199,-279,22.12,343.41,4.593,199.00,-279.00,22.12,54.50
2025-05-30 09:34:27.012,9,514,449,524,462,0.81,130,199,-279,22.12,343.41,4.606,199.00,-279.00,22.12,54.50
2025-05-30 09:34:27.073,10,514,449,524,462,0.82,130,199,-279,4.67,342.73,4.645,199.00,-279.00,4.67,54.50
2025-05-30 09:34:27.142,11,418,445,428,460,0.81,150,103,-183,20.83,211.03,4.822,103.00,-183.00,20.83,60.63
2025-05-30 09:34:27.229,12,418,445,429,460,0.81,165,103,-183,19.70,210.92,4.953,103.00,-183.00,19.70,60.63
2025-05-30 09:34:27.320,13,418,445,428,460,0.78,150,103,-183,20.83,211.03,4.839,103.00,-183.00,20.83,60.63
2025-05-30 09:34:27.388,14,418,445,429,459,0.82,154,103,-183,20.29,210.97,4.785,103.00,-183.00,20.29,60.63
2025-05-30 09:34:27.451,15,418,445,428,460,0.81,150,103,-183,20.83,211.03,4.789,103.00,-183.00,20.83,60.63
2025-05-30 09:34:27.513,16,417,445,428,460,0.82,165,102,-182,19.70,209.56,4.741,102.00,-182.00,19.70,60.73
2025-05-30 09:34:27.575,17,418,445,429,460,0.81,165,103,-183,19.70,210.92,4.833,103.00,-183.00,19.70,60.63
2025-05-30 09:34:27.656,18,418,445,429,460,0.81,165,103,-183,19.70,210.92,4.975,103.00,-183.00,19.70,60.63
2025-05-30 09:34:27.718,19,418,445,428,460,0.82,150,103,-183,20.83,211.03,4.816,103.00,-183.00,20.83,60.63
2025-05-30 09:34:27.783,20,417,445,428,460,0.82,165,102,-182,4.90,208.69,4.766,102.00,-182.00,4.90,60.73
2025-05-30 09:34:27.845,21,418,445,428,460,0.80,150,103,-183,20.83,211.03,4.826,103.00,-183.00,20.83,60.63
2025-05-30 09:34:27.913,22,418,445,429,459,0.80,154,103,-183,20.29,210.97,4.949,103.00,-183.00,20.29,60.63
2025-05-30 09:34:27.984,23,418,445,428,460,0.83,150,103,-183,20.83,211.03,4.725,103.00,-183.00,20.83,60.63
2025-05-30 09:34:28.058,24,514,449,524,462,0.81,130,199,-279,22.12,343.41,4.618,199.00,-279.00,22.12,54.50
2025-05-30 09:34:28.133,25,514,449,524,462,0.82,130,199,-279,22.12,343.41,4.613,199.00,-279.00,22.12,54.50
2025-05-30 09:34:28.212,26,418,445,429,460,0.82,165,103,-183,19.70,210.92,4.852,103.00,-183.00,19.70,60.63
2025-05-30 09:34:28.289,27,514,449,524,462,0.80,130,199,-279,22.12,343.41,4.615,199.00,-279.00,22.12,54.50
2025-05-30 09:34:28.364,28,418,445,429,460,0.81,165,103,-183,19.70,210.92,4.871,103.00,-183.00,19.70,60.63
2025-05-30 09:34:28.433,29,418,445,428,460,0.80,150,103,-183,20.83,211.03,4.763,103.00,-183.00,20.83,60.63
2025-05-30 09:34:28.507,30,418,445,429,459,0.81,154,103,-183,4.82,210.05,4.803,103.00,-183.00,4.82,60.63
2025-05-30 09:34:28.576,31,418,445,428,460,0.83,150,103,-183,20.83,211.03,4.804,103.00,-183.00,20.83,60.63
2025-05-30 09:34:28.656,32,417,446,428,460,0.83,154,102,-182,20.29,209.62,4.774,102.00,-182.00,20.29,60.73
2025-05-30 09:34:28.745,33,418,445,429,460,0.81,165,103,-183,19.70,210.92,4.825,103.00,-183.00,19.70,60.63
2025-05-30 09:34:28.829,34,417,445,428,460,0.82,165,102,-182,19.70,209.56,4.749,102.00,-182.00,19.70,60.73
2025-05-30 09:34:28.895,35,418,445,429,460,0.83,165,103,-183,19.70,210.92,4.870,103.00,-183.00,19.70,60.63
2025-05-30 09:34:28.983,36,418,445,429,460,0.83,165,103,-183,19.70,210.92,4.700,103.00,-183.00,19.70,60.63
2025-05-30 09:34:29.048,37,418,445,429,460,0.81,165,103,-183,19.70,210.92,4.921,103.00,-183.00,19.70,60.63
2025-05-30 09:34:29.120,38,418,445,428,460,0.81,150,103,-183,20.83,211.03,4.732,103.00,-183.00,20.83,60.63
2025-05-30 09:34:29.207,39,417,446,428,460,0.83,154,102,-182,20.29,209.62,4.664,102.00,-182.00,20.29,60.73
2025-05-30 09:34:29.307,40,514,449,524,462,0.81,130,199,-279,4.67,342.73,4.595,199.00,-279.00,4.67,54.50
2025-05-30 09:34:29.369,41,418,445,429,460,0.82,165,103,-183,19.70,210.92,4.723,103.00,-183.00,19.70,60.63
2025-05-30 09:34:29.458,42,418,445,428,460,0.79,150,103,-183,20.83,211.03,4.780,103.00,-183.00,20.83,60.63
2025-05-30 09:34:29.524,43,417,445,428,460,0.82,165,102,-182,19.70,209.56,4.806,102.00,-182.00,19.70,60.73
2025-05-30 09:34:29.591,44,514,449,525,462,0.81,143,199,-279,20.98,343.34,4.678,199.00,-279.00,20.98,54.50
2025-05-30 09:34:29.654,45,418,445,429,459,0.80,154,103,-183,20.29,210.97,4.847,103.00,-183.00,20.29,60.63
2025-05-30 09:34:29.716,46,417,445,428,460,0.82,165,102,-182,19.70,209.56,4.723,102.00,-182.00,19.70,60.73
2025-05-30 09:34:29.775,47,417,445,428,460,0.81,165,102,-182,19.70,209.56,4.802,102.00,-182.00,19.70,60.73
2025-05-30 09:34:29.838,48,418,445,429,460,0.82,165,103,-183,19.70,210.92,4.774,103.00,-183.00,19.70,60.63
2025-05-30 09:34:29.899,49,418,445,429,460,0.83,165,103,-183,19.70,210.92,4.812,103.00,-183.00,19.70,60.63
2025-05-30 09:34:29.982,50,514,449,524,462,0.81,130,199,-279,4.66,342.73,4.784,199.00,-279.00,4.66,54.50
2025-05-30 09:34:30.051,51,417,445,428,460,0.80,165,102,-182,19.70,209.56,4.693,102.00,-182.00,19.70,60.73
2025-05-30 09:34:30.113,52,418,445,428,460,0.83,150,103,-183,20.83,211.03,4.801,103.00,-183.00,20.83,60.63
2025-05-30 09:34:30.174,53,418,445,429,459,0.78,154,103,-183,20.29,210.97,5.008,103.00,-183.00,20.29,60.63
2025-05-30 09:34:30.243,54,514,449,524,462,0.81,130,199,-279,22.12,343.41,4.650,199.00,-279.00,22.12,54.50
2025-05-30 09:34:30.313,55,417,446,428,460,0.83,154,102,-182,20.29,209.62,4.726,102.00,-182.00,20.29,60.73
2025-05-30 09:34:30.376,56,514,449,524,462,0.82,130,199,-279,22.12,343.41,4.665,199.00,-279.00,22.12,54.50
2025-05-30 09:34:30.438,57,418,445,429,459,0.79,154,103,-183,20.29,210.97,4.814,103.00,-183.00,20.29,60.63
2025-05-30 09:34:30.499,58,418,445,429,460,0.80,165,103,-183,19.70,210.92,4.779,103.00,-183.00,19.70,60.63
2025-05-30 09:34:30.562,59,418,445,428,460,0.79,150,103,-183,20.83,211.03,4.776,103.00,-183.00,20.83,60.63
2025-05-30 09:34:30.637,60,418,445,429,459,0.79,154,103,-183,4.91,210.05,5.010,103.00,-183.00,4.91,60.63
2025-05-30 09:34:30.714,61,418,445,428,460,0.82,150,103,-183,20.83,211.03,4.813,103.00,-183.00,20.83,60.63
2025-05-30 09:34:30.788,62,418,445,429,460,0.81,165,103,-183,19.70,210.92,4.726,103.00,-183.00,19.70,60.63
2025-05-30 09:34:30.863,63,514,449,524,462,0.82,130,199,-279,22.12,343.41,4.585,199.00,-279.00,22.12,54.50
2025-05-30 09:34:30.951,64,417,445,428,460,0.80,165,102,-182,19.70,209.56,4.924,102.00,-182.00,19.70,60.73
2025-05-30 09:34:31.026,65,514,449,524,462,0.82,130,199,-279,22.12,343.41,4.663,199.00,-279.00,22.12,54.50
2025-05-30 09:34:31.090,66,514,449,524,462,0.81,130,199,-279,22.12,343.41,4.600,199.00,-279.00,22.12,54.50
2025-05-30 09:34:31.174,67,418,445,429,460,0.79,165,103,-183,19.70,210.92,4.755,103.00,-183.00,19.70,60.63
2025-05-30 09:34:31.259,68,418,445,429,460,0.77,165,103,-183,19.70,210.92,4.772,103.00,-183.00,19.70,60.63
2025-05-30 09:34:31.320,69,418,445,429,460,0.81,165,103,-183,19.70,210.92,4.779,103.00,-183.00,19.70,60.63
2025-05-30 09:34:31.401,70,514,449,524,462,0.82,130,199,-279,4.67,342.73,4.648,199.00,-279.00,4.67,54.50
2025-05-30 09:34:31.461,71,514,449,524,462,0.81,130,199,-279,22.12,343.41,4.718,199.00,-279.00,22.12,54.50
2025-05-30 09:34:31.521,72,418,445,428,460,0.80,150,103,-183,20.83,211.03,4.832,103.00,-183.00,20.83,60.63
2025-05-30 09:34:31.590,73,418,445,429,460,0.81,165,103,-183,19.70,210.92,4.786,103.00,-183.00,19.70,60.63
2025-05-30 09:34:31.669,74,418,445,428,460,0.81,150,103,-183,20.83,211.03,4.773,103.00,-183.00,20.83,60.63
2025-05-30 09:34:31.727,75,417,446,428,460,0.81,154,102,-182,20.29,209.62,4.823,102.00,-182.00,20.29,60.73
2025-05-30 09:34:31.796,76,418,445,428,460,0.80,150,103,-183,20.83,211.03,5.036,103.00,-183.00,20.83,60.63
2025-05-30 09:34:31.857,77,418,445,429,460,0.81,165,103,-183,19.70,210.92,4.786,103.00,-183.00,19.70,60.63
2025-05-30 09:34:31.918,78,418,445,429,460,0.81,165,103,-183,19.70,210.92,4.845,103.00,-183.00,19.70,60.63
2025-05-30 09:34:31.986,79,417,445,428,460,0.82,165,102,-182,19.70,209.56,4.790,102.00,-182.00,19.70,60.73
2025-05-30 09:34:32.053,80,514,449,524,462,0.80,130,199,-279,4.69,342.73,4.716,199.00,-279.00,4.69,54.50
2025-05-30 09:34:32.139,81,418,445,429,460,0.81,165,103,-183,19.70,210.92,4.941,103.00,-183.00,19.70,60.63
2025-05-30 09:34:32.203,82,418,445,429,460,0.81,165,103,-183,19.70,210.92,4.870,103.00,-183.00,19.70,60.63
2025-05-30 09:34:32.264,83,514,449,525,462,0.80,143,199,-279,20.98,343.34,4.733,199.00,-279.00,20.98,54.50
2025-05-30 09:34:32.334,84,514,449,524,462,0.84,130,199,-279,22.12,343.41,4.551,199.00,-279.00,22.12,54.50
2025-05-30 09:34:32.393,85,418,445,429,460,0.82,165,103,-183,19.70,210.92,4.813,103.00,-183.00,19.70,60.63
2025-05-30 09:34:32.456,86,418,445,429,460,0.82,165,103,-183,19.70,210.92,4.788,103.00,-183.00,19.70,60.63
2025-05-30 09:34:32.540,87,514,449,524,462,0.83,130,199,-279,22.12,343.41,4.646,199.00,-279.00,22.12,54.50
2025-05-30 09:34:32.609,88,514,449,524,462,0.79,130,199,-279,22.12,343.41,4.617,199.00,-279.00,22.12,54.50
2025-05-30 09:34:32.679,89,417,445,428,460,0.83,165,102,-182,19.70,209.56,4.779,102.00,-182.00,19.70,60.73
2025-05-30 09:34:32.780,90,418,445,428,460,0.82,150,103,-183,4.79,210.05,4.811,103.00,-183.00,4.79,60.63
2025-05-30 09:34:32.890,91,417,445,428,460,0.81,165,102,-182,19.70,209.56,4.830,102.00,-182.00,19.70,60.73
2025-05-30 09:34:33.005,92,514,449,524,462,0.84,130,199,-279,22.12,343.41,4.600,199.00,-279.00,22.12,54.50
2025-05-30 09:34:33.092,93,417,445,428,460,0.83,165,102,-182,19.70,209.56,4.739,102.00,-182.00,19.70,60.73
2025-05-30 09:34:33.209,94,418,445,428,460,0.82,150,103,-183,20.83,211.03,4.721,103.00,-183.00,20.83,60.63
2025-05-30 09:34:33.302,95,418,445,428,460,0.81,150,103,-183,20.83,211.03,4.759,103.00,-183.00,20.83,60.63
2025-05-30 09:34:33.424,96,417,445,428,460,0.84,165,102,-182,19.70,209.56,4.909,102.00,-182.00,19.70,60.73
2025-05-30 09:34:33.512,97,417,446,428,460,0.84,154,102,-182,20.29,209.62,4.759,102.00,-182.00,20.29,60.73
2025-05-30 09:34:33.659,98,418,445,428,460,0.82,150,103,-183,20.83,211.03,4.822,103.00,-183.00,20.83,60.63
2025-05-30 09:34:33.761,99,418,445,429,460,0.83,165,103,-183,19.70,210.92,4.797,103.00,-183.00,19.70,60.63
2025-05-30 09:34:33.869,100,417,445,428,460,0.80,165,102,-182,4.93,208.69,4.785,102.00,-182.00,4.93,60.73
2025-05-30 09:34:33.972,101,418,445,429,460,0.80,165,103,-183,19.70,210.92,4.721,103.00,-183.00,19.70,60.63
2025-05-30 09:34:34.090,102,418,445,429,459,0.83,154,103,-183,20.29,210.97,4.834,103.00,-183.00,20.29,60.63
2025-05-30 09:34:34.194,103,418,445,429,460,0.82,165,103,-183,19.70,210.92,4.795,103.00,-183.00,19.70,60.63
2025-05-30 09:34:34.294,104,418,445,428,460,0.81,150,103,-183,20.83,211.03,4.715,103.00,-183.00,20.83,60.63
2025-05-30 09:34:34.387,105,417,446,428,460,0.83,154,102,-182,20.29,209.62,4.867,102.00,-182.00,20.29,60.73
2025-05-30 09:34:34.479,106,417,446,428,460,0.83,154,102,-182,20.29,209.62,4.727,102.00,-182.00,20.29,60.73
2025-05-30 09:34:34.595,107,417,445,428,460,0.83,165,102,-182,19.70,209.56,4.743,102.00,-182.00,19.70,60.73
2025-05-30 09:34:34.664,108,418,445,429,460,0.81,165,103,-183,19.70,210.92,4.668,103.00,-183.00,19.70,60.63
2025-05-30 09:34:34.763,109,417,445,428,460,0.82,165,102,-182,19.70,209.56,4.816,102.00,-182.00,19.70,60.73
2025-05-30 09:34:34.865,110,418,445,428,460,0.80,150,103,-183,4.82,210.05,4.802,103.00,-183.00,4.82,60.63
2025-05-30 09:34:34.940,111,514,449,525,462,0.81,143,199,-279,20.98,343.34,4.444,199.00,-279.00,20.98,54.50
2025-05-30 09:34:35.036,112,418,445,429,459,0.80,154,103,-183,20.29,210.97,4.860,103.00,-183.00,20.29,60.63
2025-05-30 09:34:35.107,113,418,445,428,460,0.82,150,103,-183,20.83,211.03,4.839,103.00,-183.00,20.83,60.63
2025-05-30 09:34:35.182,114,514,449,524,462,0.82,130,199,-279,22.12,343.41,4.570,199.00,-279.00,22.12,54.50
2025-05-30 09:34:35.258,115,514,449,524,462,0.83,130,199,-279,22.12,343.41,4.546,199.00,-279.00,22.12,54.50
2025-05-30 09:34:35.317,116,514,449,524,462,0.81,130,199,-279,22.12,343.41,4.555,199.00,-279.00,22.12,54.50
2025-05-30 09:34:35.382,117,418,445,428,460,0.82,150,103,-183,20.83,211.03,4.859,103.00,-183.00,20.83,60.63
2025-05-30 09:34:35.474,118,418,445,429,459,0.81,154,103,-183,20.29,210.97,5.013,103.00,-183.00,20.29,60.63
2025-05-30 09:34:35.535,119,514,449,524,462,0.81,130,199,-279,22.12,343.41,4.441,199.00,-279.00,22.12,54.50
2025-05-30 09:34:35.626,120,417,446,428,460,0.83,154,102,-182,4.79,208.69,4.805,102.00,-182.00,4.79,60.73
2025-05-30 09:34:35.703,121,417,445,428,460,0.83,165,102,-182,19.70,209.56,4.817,102.00,-182.00,19.70,60.73
2025-05-30 09:34:35.768,122,514,449,524,462,0.83,130,199,-279,22.12,343.41,4.570,199.00,-279.00,22.12,54.50
2025-05-30 09:34:35.831,123,418,445,429,460,0.82,165,103,-183,19.70,210.92,4.772,103.00,-183.00,19.70,60.63
2025-05-30 09:34:35.917,124,418,445,429,459,0.81,154,103,-183,20.29,210.97,4.818,103.00,-183.00,20.29,60.63
2025-05-30 09:34:35.980,125,514,449,525,462,0.79,143,199,-279,20.98,343.34,4.561,199.00,-279.00,20.98,54.50
2025-05-30 09:34:36.043,126,418,445,429,460,0.81,165,103,-183,19.70,210.92,4.790,103.00,-183.00,19.70,60.63
2025-05-30 09:34:36.129,127,417,445,428,460,0.84,165,102,-182,19.70,209.56,4.846,102.00,-182.00,19.70,60.73
2025-05-30 09:34:36.203,128,417,445,428,460,0.83,165,102,-182,19.70,209.56,4.804,102.00,-182.00,19.70,60.73
2025-05-30 09:34:36.273,129,418,445,429,460,0.82,165,103,-183,19.70,210.92,4.896,103.00,-183.00,19.70,60.63
2025-05-30 09:34:36.346,130,514,449,524,462,0.82,130,199,-279,4.66,342.73,4.717,199.00,-279.00,4.66,54.50
2025-05-30 09:34:36.411,131,418,445,429,460,0.80,165,103,-183,19.70,210.92,4.772,103.00,-183.00,19.70,60.63
2025-05-30 09:34:36.488,132,418,445,429,460,0.83,165,103,-183,19.70,210.92,4.643,103.00,-183.00,19.70,60.63
2025-05-30 09:34:36.556,133,417,446,428,460,0.81,154,102,-182,20.29,209.62,4.756,102.00,-182.00,20.29,60.73
2025-05-30 09:34:36.620,134,417,445,428,460,0.80,165,102,-182,19.70,209.56,4.913,102.00,-182.00,19.70,60.73
2025-05-30 09:34:36.691,135,418,445,429,460,0.81,165,103,-183,19.70,210.92,4.748,103.00,-183.00,19.70,60.63
2025-05-30 09:34:36.760,136,418,445,429,459,0.81,154,103,-183,20.29,210.97,4.803,103.00,-183.00,20.29,60.63
2025-05-30 09:34:36.831,137,417,446,428,460,0.82,154,102,-182,20.29,209.62,4.730,102.00,-182.00,20.29,60.73
2025-05-30 09:34:36.902,138,417,446,428,460,0.81,154,102,-182,20.29,209.62,4.774,102.00,-182.00,20.29,60.73
2025-05-30 09:34:36.975,139,418,445,429,460,0.82,165,103,-183,19.70,210.92,4.864,103.00,-183.00,19.70,60.63
2025-05-30 09:34:37.062,140,418,445,428,460,0.80,150,103,-183,4.82,210.05,4.798,103.00,-183.00,4.82,60.63
2025-05-30 09:34:37.125,141,418,445,429,459,0.82,154,103,-183,20.29,210.97,4.858,103.00,-183.00,20.29,60.63
2025-05-30 09:34:37.198,142,418,445,429,460,0.80,165,103,-183,19.70,210.92,4.788,103.00,-183.00,19.70,60.63
2025-05-30 09:34:37.263,143,417,446,428,460,0.82,154,102,-182,20.29,209.62,4.747,102.00,-182.00,20.29,60.73
2025-05-30 09:34:37.346,144,417,445,428,460,0.84,165,102,-182,19.70,209.56,4.795,102.00,-182.00,19.70,60.73
2025-05-30 09:34:37.412,145,417,446,428,460,0.83,154,102,-182,20.29,209.62,4.766,102.00,-182.00,20.29,60.73
2025-05-30 09:34:37.485,146,418,445,428,460,0.82,150,103,-183,20.83,211.03,4.877,103.00,-183.00,20.83,60.63
2025-05-30 09:34:37.550,147,418,445,429,459,0.81,154,103,-183,20.29,210.97,4.896,103.00,-183.00,20.29,60.63
2025-05-30 09:34:37.622,148,418,445,429,460,0.81,165,103,-183,19.70,210.92,4.791,103.00,-183.00,19.70,60.63
2025-05-30 09:34:37.692,149,417,445,428,460,0.83,165,102,-182,19.70,209.56,4.731,102.00,-182.00,19.70,60.73
2025-05-30 09:34:37.791,150,514,449,524,462,0.85,130,199,-279,4.65,342.73,4.591,199.00,-279.00,4.65,54.50
2025-05-30 09:34:37.864,151,514,449,524,462,0.83,130,199,-279,22.12,343.41,4.758,199.00,-279.00,22.12,54.50
2025-05-30 09:34:37.935,152,418,445,428,460,0.80,150,103,-183,20.83,211.03,4.889,103.00,-183.00,20.83,60.63
2025-05-30 09:34:38.000,153,418,445,429,459,0.81,154,103,-183,20.29,210.97,4.996,103.00,-183.00,20.29,60.63
2025-05-30 09:34:38.065,154,418,445,429,460,0.83,165,103,-183,19.70,210.92,4.783,103.00,-183.00,19.70,60.63
2025-05-30 09:34:38.134,155,417,445,428,460,0.84,165,102,-182,19.70,209.56,4.809,102.00,-182.00,19.70,60.73
2025-05-30 09:34:38.195,156,417,445,428,460,0.82,165,102,-182,19.70,209.56,4.812,102.00,-182.00,19.70,60.73
2025-05-30 09:34:38.264,157,418,445,429,459,0.79,154,103,-183,20.29,210.97,4.853,103.00,-183.00,20.29,60.63
2025-05-30 09:34:38.335,158,418,445,429,460,0.81,165,103,-183,19.70,210.92,4.828,103.00,-183.00,19.70,60.63
2025-05-30 09:34:38.403,159,514,449,524,462,0.84,130,199,-279,22.12,343.41,4.406,199.00,-279.00,22.12,54.50
2025-05-30 09:34:38.488,160,514,449,524,462,0.82,130,199,-279,4.66,342.73,4.733,199.00,-279.00,4.66,54.50
2025-05-30 09:34:38.558,161,417,445,428,460,0.84,165,102,-182,19.70,209.56,4.773,102.00,-182.00,19.70,60.73
2025-05-30 09:34:38.636,162,418,445,428,460,0.82,150,103,-183,20.83,211.03,4.783,103.00,-183.00,20.83,60.63
2025-05-30 09:34:38.695,163,418,445,429,459,0.82,154,103,-183,20.29,210.97,4.917,103.00,-183.00,20.29,60.63
2025-05-30 09:34:38.757,164,418,445,429,460,0.80,165,103,-183,19.70,210.92,4.773,103.00,-183.00,19.70,60.63
2025-05-30 09:34:38.822,165,514,449,524,462,0.80,130,199,-279,22.12,343.41,4.643,199.00,-279.00,22.12,54.50
2025-05-30 09:34:38.886,166,417,445,428,460,0.82,165,102,-182,19.70,209.56,4.880,102.00,-182.00,19.70,60.73
2025-05-30 09:34:38.954,167,418,445,429,460,0.82,165,103,-183,19.70,210.92,5.002,103.00,-183.00,19.70,60.63
2025-05-30 09:34:39.016,168,418,445,429,460,0.83,165,103,-183,19.70,210.92,4.803,103.00,-183.00,19.70,60.63
2025-05-30 09:34:39.086,169,514,449,524,462,0.83,130,199,-279,22.12,343.41,4.709,199.00,-279.00,22.12,54.50
2025-05-30 09:34:39.147,170,417,445,428,460,0.84,165,102,-182,4.90,208.69,4.838,102.00,-182.00,4.90,60.73
2025-05-30 09:34:39.208,171,418,445,429,460,0.80,165,103,-183,19.70,210.92,4.947,103.00,-183.00,19.70,60.63
2025-05-30 09:34:39.273,172,417,446,428,460,0.83,154,102,-182,20.29,209.62,4.904,102.00,-182.00,20.29,60.73
2025-05-30 09:34:39.347,173,418,445,428,460,0.81,150,103,-183,20.83,211.03,4.800,103.00,-183.00,20.83,60.63
2025-05-30 09:34:39.414,174,514,449,524,462,0.83,130,199,-279,22.12,343.41,4.663,199.00,-279.00,22.12,54.50
2025-05-30 09:34:39.484,175,418,445,429,460,0.82,165,103,-183,19.70,210.92,4.755,103.00,-183.00,19.70,60.63
2025-05-30 09:34:39.546,176,418,445,429,459,0.80,154,103,-183,20.29,210.97,4.886,103.00,-183.00,20.29,60.63
2025-05-30 09:34:39.612,177,418,445,428,460,0.80,150,103,-183,20.83,211.03,4.817,103.00,-183.00,20.83,60.63
2025-05-30 09:34:39.682,178,417,445,428,460,0.83,165,102,-182,19.70,209.56,4.831,102.00,-182.00,19.70,60.73
2025-05-30 09:34:39.765,179,418,445,428,460,0.81,150,103,-183,20.83,211.03,4.889,103.00,-183.00,20.83,60.63
2025-05-30 09:34:39.835,180,418,445,429,459,0.81,154,103,-183,4.79,210.05,4.766,103.00,-183.00,4.79,60.63
2025-05-30 09:34:39.899,181,418,445,428,460,0.82,150,103,-183,20.83,211.03,4.766,103.00,-183.00,20.83,60.63
2025-05-30 09:34:39.984,182,514,449,524,462,0.83,130,199,-279,22.12,343.41,4.595,199.00,-279.00,22.12,54.50
2025-05-30 09:34:40.070,183,417,445,428,460,0.83,165,102,-182,19.70,209.56,4.781,102.00,-182.00,19.70,60.73
2025-05-30 09:34:40.132,184,514,449,524,462,0.83,130,199,-279,22.12,343.41,4.636,199.00,-279.00,22.12,54.50
2025-05-30 09:34:40.211,185,418,445,429,460,0.82,165,103,-183,19.70,210.92,4.823,103.00,-183.00,19.70,60.63
2025-05-30 09:34:40.272,186,418,445,428,460,0.80,150,103,-183,20.83,211.03,4.865,103.00,-183.00,20.83,60.63
2025-05-30 09:34:40.330,187,514,449,524,462,0.82,130,199,-279,22.12,343.41,4.656,199.00,-279.00,22.12,54.50
2025-05-30 09:34:40.396,188,514,449,524,462,0.82,130,199,-279,22.12,343.41,4.723,199.00,-279.00,22.12,54.50
2025-05-30 09:34:40.462,189,418,445,429,460,0.81,165,103,-183,19.70,210.92,4.787,103.00,-183.00,19.70,60.63
2025-05-30 09:34:40.535,190,418,445,429,459,0.82,154,103,-183,4.79,210.05,4.773,103.00,-183.00,4.79,60.63
2025-05-30 09:34:40.596,191,418,445,428,460,0.83,150,103,-183,20.83,211.03,4.761,103.00,-183.00,20.83,60.63
2025-05-30 09:34:40.659,192,417,445,428,460,0.82,165,102,-182,19.70,209.56,4.823,102.00,-182.00,19.70,60.73
2025-05-30 09:34:40.726,193,514,449,524,462,0.81,130,199,-279,22.12,343.41,4.534,199.00,-279.00,22.12,54.50
2025-05-30 09:34:40.795,194,418,445,429,460,0.82,165,103,-183,19.70,210.92,4.987,103.00,-183.00,19.70,60.63
2025-05-30 09:34:40.869,195,418,445,428,460,0.81,150,103,-183,20.83,211.03,4.689,103.00,-183.00,20.83,60.63
2025-05-30 09:34:40.937,196,417,445,428,460,0.83,165,102,-182,19.70,209.56,4.883,102.00,-182.00,19.70,60.73
2025-05-30 09:34:41.005,197,418,445,429,460,0.82,165,103,-183,19.70,210.92,4.911,103.00,-183.00,19.70,60.63
2025-05-30 09:34:41.076,198,418,445,429,460,0.81,165,103,-183,19.70,210.92,4.846,103.00,-183.00,19.70,60.63
2025-05-30 09:34:41.143,199,418,445,429,460,0.82,165,103,-183,19.70,210.92,4.805,103.00,-183.00,19.70,60.63
2025-05-30 09:34:41.209,200,418,445,429,460,0.82,165,103,-183,4.90,210.05,4.895,103.00,-183.00,4.90,60.63
2025-05-30 09:34:41.281,201,417,445,428,460,0.83,165,102,-182,19.70,209.56,4.819,102.00,-182.00,19.70,60.73
2025-05-30 09:34:41.353,202,418,445,428,460,0.80,150,103,-183,20.83,211.03,4.800,103.00,-183.00,20.83,60.63
2025-05-30 09:34:41.437,203,418,445,429,460,0.79,165,103,-183,19.70,210.92,4.818,103.00,-183.00,19.70,60.63
2025-05-30 09:34:41.500,204,418,445,429,460,0.83,165,103,-183,19.70,210.92,4.857,103.00,-183.00,19.70,60.63
2025-05-30 09:34:41.569,205,514,449,524,462,0.83,130,199,-279,22.12,343.41,4.691,199.00,-279.00,22.12,54.50
2025-05-30 09:34:41.633,206,514,449,524,462,0.80,130,199,-279,22.12,343.41,4.534,199.00,-279.00,22.12,54.50
2025-05-30 09:34:41.698,207,418,445,429,459,0.80,154,103,-183,20.29,210.97,4.908,103.00,-183.00,20.29,60.63
2025-05-30 09:34:41.760,208,418,445,429,459,0.79,154,103,-183,20.29,210.97,4.801,103.00,-183.00,20.29,60.63
2025-05-30 09:34:41.845,209,514,449,524,462,0.84,130,199,-279,22.12,343.41,4.601,199.00,-279.00,22.12,54.50
2025-05-30 09:34:41.931,210,418,445,428,460,0.83,150,103,-183,4.79,210.05,4.758,103.00,-183.00,4.79,60.63
2025-05-30 09:34:41.997,211,417,446,428,460,0.83,154,102,-182,20.29,209.62,4.732,102.00,-182.00,20.29,60.73
2025-05-30 09:34:42.065,212,418,445,428,460,0.83,150,103,-183,20.83,211.03,4.809,103.00,-183.00,20.83,60.63
2025-05-30 09:34:42.135,213,418,445,429,459,0.82,154,103,-183,20.29,210.97,4.816,103.00,-183.00,20.29,60.63
2025-05-30 09:34:42.206,214,418,445,428,460,0.82,150,103,-183,20.83,211.03,4.717,103.00,-183.00,20.83,60.63
2025-05-30 09:34:42.296,215,417,445,428,460,0.80,165,102,-182,19.70,209.56,4.901,102.00,-182.00,19.70,60.73
2025-05-30 09:34:42.359,216,514,449,524,462,0.82,130,199,-279,22.12,343.41,4.636,199.00,-279.00,22.12,54.50
2025-05-30 09:34:42.430,217,417,445,428,460,0.81,165,102,-182,19.70,209.56,4.779,102.00,-182.00,19.70,60.73
2025-05-30 09:34:42.500,218,418,445,429,460,0.76,165,103,-183,19.70,210.92,4.845,103.00,-183.00,19.70,60.63
2025-05-30 09:34:42.576,219,418,445,429,459,0.81,154,103,-183,20.29,210.97,4.877,103.00,-183.00,20.29,60.63
2025-05-30 09:34:42.639,220,418,445,428,460,0.83,150,103,-183,4.79,210.05,4.844,103.00,-183.00,4.79,60.63
2025-05-30 09:34:42.725,221,417,445,428,460,0.83,165,102,-182,19.70,209.56,4.745,102.00,-182.00,19.70,60.73
2025-05-30 09:34:42.792,222,417,445,428,460,0.79,165,102,-182,19.70,209.56,4.787,102.00,-182.00,19.70,60.73
2025-05-30 09:34:42.889,223,417,445,428,460,0.82,165,102,-182,19.70,209.56,4.835,102.00,-182.00,19.70,60.73
2025-05-30 09:34:42.968,224,417,445,428,460,0.80,165,102,-182,19.70,209.56,4.784,102.00,-182.00,19.70,60.73
2025-05-30 09:34:43.029,225,418,445,428,460,0.77,150,103,-183,20.83,211.03,4.871,103.00,-183.00,20.83,60.63
2025-05-30 09:34:43.116,226,418,445,429,459,0.80,154,103,-183,20.29,210.97,4.872,103.00,-183.00,20.29,60.63
2025-05-30 09:34:43.208,227,418,445,429,459,0.79,154,103,-183,20.29,210.97,4.843,103.00,-183.00,20.29,60.63
2025-05-30 09:34:43.270,228,418,445,429,460,0.81,165,103,-183,19.70,210.92,4.681,103.00,-183.00,19.70,60.63
2025-05-30 09:34:43.351,229,418,445,428,460,0.83,150,103,-183,20.83,211.03,4.754,103.00,-183.00,20.83,60.63
2025-05-30 09:34:43.435,230,514,449,524,462,0.81,130,199,-279,4.66,342.73,4.837,199.00,-279.00,4.66,54.50
2025-05-30 09:34:43.502,231,514,449,524,462,0.84,130,199,-279,22.12,343.41,4.725,199.00,-279.00,22.12,54.50
2025-05-30 09:34:43.579,232,514,449,524,462,0.77,130,199,-279,22.12,343.41,4.650,199.00,-279.00,22.12,54.50
2025-05-30 09:34:43.666,233,514,449,524,462,0.82,130,199,-279,22.12,343.41,4.559,199.00,-279.00,22.12,54.50
2025-05-30 09:34:43.744,234,418,445,428,460,0.79,150,103,-183,20.83,211.03,4.951,103.00,-183.00,20.83,60.63
2025-05-30 09:34:43.807,235,514,450,524,462,0.78,120,199,-279,22.92,343.46,4.609,199.00,-279.00,22.92,54.50
2025-05-30 09:34:43.902,236,514,449,524,462,0.78,130,199,-279,22.12,343.41,4.597,199.00,-279.00,22.12,54.50
2025-05-30 09:34:43.997,237,418,445,429,460,0.79,165,103,-183,19.70,210.92,4.730,103.00,-183.00,19.70,60.63
2025-05-30 09:34:44.068,238,418,445,429,460,0.78,165,103,-183,19.70,210.92,4.943,103.00,-183.00,19.70,60.63
2025-05-30 09:34:44.149,239,418,445,429,460,0.77,165,103,-183,19.70,210.92,4.987,103.00,-183.00,19.70,60.63
2025-05-30 09:34:44.215,240,418,445,429,460,0.82,165,103,-183,4.90,210.05,4.778,103.00,-183.00,4.90,60.63
2025-05-30 09:34:44.291,241,514,449,524,462,0.82,130,199,-279,22.12,343.41,4.699,199.00,-279.00,22.12,54.50
2025-05-30 09:34:44.365,242,514,449,524,462,0.83,130,199,-279,22.12,343.41,4.642,199.00,-279.00,22.12,54.50
2025-05-30 09:34:44.452,243,418,445,428,460,0.81,150,103,-183,20.83,211.03,4.928,103.00,-183.00,20.83,60.63
2025-05-30 09:34:44.535,244,514,449,524,462,0.83,130,199,-279,22.12,343.41,4.591,199.00,-279.00,22.12,54.50
2025-05-30 09:34:44.603,245,514,449,525,462,0.82,143,199,-279,20.98,343.34,4.659,199.00,-279.00,20.98,54.50
2025-05-30 09:34:44.662,246,418,445,429,459,0.82,154,103,-183,20.29,210.97,4.845,103.00,-183.00,20.29,60.63
2025-05-30 09:34:44.727,247,417,445,428,460,0.82,165,102,-182,19.70,209.56,4.727,102.00,-182.00,19.70,60.73
2025-05-30 09:34:44.786,248,417,445,428,460,0.84,165,102,-182,19.70,209.56,4.782,102.00,-182.00,19.70,60.73
2025-05-30 09:34:44.857,249,418,445,428,460,0.84,150,103,-183,20.83,211.03,4.901,103.00,-183.00,20.83,60.63
2025-05-30 09:34:44.924,250,418,445,429,460,0.82,165,103,-183,4.90,210.05,4.872,103.00,-183.00,4.90,60.63
2025-05-30 09:34:44.995,251,417,445,428,460,0.82,165,102,-182,19.70,209.56,4.796,102.00,-182.00,19.70,60.73
2025-05-30 09:34:45.078,252,417,445,428,460,0.84,165,102,-182,19.70,209.56,4.795,102.00,-182.00,19.70,60.73
2025-05-30 09:34:45.139,253,514,449,524,462,0.83,130,199,-279,22.12,343.41,4.637,199.00,-279.00,22.12,54.50
2025-05-30 09:34:45.201,254,418,445,429,460,0.83,165,103,-183,19.70,210.92,4.858,103.00,-183.00,19.70,60.63
2025-05-30 09:34:45.278,255,418,445,429,460,0.81,165,103,-183,19.70,210.92,4.830,103.00,-183.00,19.70,60.63
2025-05-30 09:34:45.341,256,418,445,429,459,0.82,154,103,-183,20.29,210.97,4.769,103.00,-183.00,20.29,60.63
2025-05-30 09:34:45.425,257,417,446,428,460,0.84,154,102,-182,20.29,209.62,4.808,102.00,-182.00,20.29,60.73
2025-05-30 09:34:45.489,258,514,449,524,462,0.84,130,199,-279,22.12,343.41,4.504,199.00,-279.00,22.12,54.50
2025-05-30 09:34:45.554,259,417,445,428,460,0.82,165,102,-182,19.70,209.56,4.771,102.00,-182.00,19.70,60.73
2025-05-30 09:34:45.641,260,418,445,429,460,0.82,165,103,-183,4.90,210.05,4.722,103.00,-183.00,4.90,60.63
2025-05-30 09:34:45.729,261,418,445,428,460,0.82,150,103,-183,20.83,211.03,4.786,103.00,-183.00,20.83,60.63
2025-05-30 09:34:45.811,262,418,445,429,460,0.81,165,103,-183,19.70,210.92,4.729,103.00,-183.00,19.70,60.63
2025-05-30 09:34:45.878,263,418,445,429,459,0.80,154,103,-183,20.29,210.97,4.736,103.00,-183.00,20.29,60.63
2025-05-30 09:34:45.965,264,418,445,429,460,0.81,165,103,-183,19.70,210.92,4.851,103.00,-183.00,19.70,60.63
2025-05-30 09:34:46.034,265,417,446,428,460,0.81,154,102,-182,20.29,209.62,4.718,102.00,-182.00,20.29,60.73
2025-05-30 09:34:46.115,266,417,446,428,460,0.83,154,102,-182,20.29,209.62,4.777,102.00,-182.00,20.29,60.73
2025-05-30 09:34:46.185,267,514,449,524,462,0.83,130,199,-279,22.12,343.41,4.729,199.00,-279.00,22.12,54.50
2025-05-30 09:34:46.259,268,417,446,428,460,0.82,154,102,-182,20.29,209.62,4.752,102.00,-182.00,20.29,60.73
2025-05-30 09:34:46.333,269,418,445,429,460,0.82,165,103,-183,19.70,210.92,4.858,103.00,-183.00,19.70,60.63
2025-05-30 09:34:46.396,270,418,445,429,460,0.83,165,103,-183,4.90,210.05,4.884,103.00,-183.00,4.90,60.63
2025-05-30 09:34:46.488,271,514,449,524,462,0.83,130,199,-279,22.12,343.41,4.744,199.00,-279.00,22.12,54.50
2025-05-30 09:34:46.559,272,418,445,428,460,0.80,150,103,-183,20.83,211.03,4.782,103.00,-183.00,20.83,60.63
2025-05-30 09:34:46.623,273,514,449,524,462,0.82,130,199,-279,22.12,343.41,4.613,199.00,-279.00,22.12,54.50
2025-05-30 09:34:46.691,274,418,445,428,460,0.80,150,103,-183,20.83,211.03,4.817,103.00,-183.00,20.83,60.63
2025-05-30 09:34:46.764,275,418,445,429,460,0.82,165,103,-183,19.70,210.92,4.897,103.00,-183.00,19.70,60.63
2025-05-30 09:34:46.833,276,418,445,429,460,0.83,165,103,-183,19.70,210.92,4.654,103.00,-183.00,19.70,60.63
2025-05-30 09:34:46.895,277,417,445,428,460,0.84,165,102,-182,19.70,209.56,4.785,102.00,-182.00,19.70,60.73
2025-05-30 09:34:46.971,278,417,445,428,460,0.81,165,102,-182,19.70,209.56,4.860,102.00,-182.00,19.70,60.73
2025-05-30 09:34:47.037,279,418,445,429,460,0.81,165,103,-183,19.70,210.92,4.903,103.00,-183.00,19.70,60.63
2025-05-30 09:34:47.108,280,418,445,429,460,0.79,165,103,-183,4.93,210.05,4.927,103.00,-183.00,4.93,60.63
2025-05-30 09:34:47.190,281,417,446,428,460,0.83,154,102,-182,20.29,209.62,4.807,102.00,-182.00,20.29,60.73
2025-05-30 09:34:47.262,282,418,445,428,460,0.81,150,103,-183,20.83,211.03,4.855,103.00,-183.00,20.83,60.63
2025-05-30 09:34:47.340,283,514,449,524,462,0.85,130,199,-279,22.12,343.41,4.424,199.00,-279.00,22.12,54.50
2025-05-30 09:34:47.406,284,417,445,428,460,0.82,165,102,-182,19.70,209.56,4.971,102.00,-182.00,19.70,60.73
2025-05-30 09:34:47.479,285,418,445,429,460,0.83,165,103,-183,19.70,210.92,4.837,103.00,-183.00,19.70,60.63
2025-05-30 09:34:47.545,286,514,449,524,462,0.84,130,199,-279,22.12,343.41,4.660,199.00,-279.00,22.12,54.50
2025-05-30 09:34:47.614,287,418,445,429,460,0.82,165,103,-183,19.70,210.92,4.846,103.00,-183.00,19.70,60.63
2025-05-30 09:34:47.688,288,514,449,524,462,0.83,130,199,-279,22.12,343.41,4.757,199.00,-279.00,22.12,54.50
2025-05-30 09:34:47.759,289,514,449,524,462,0.86,130,199,-279,22.12,343.41,4.824,199.00,-279.00,22.12,54.50
2025-05-30 09:34:47.838,290,514,449,524,462,0.83,130,199,-279,4.67,342.73,4.600,199.00,-279.00,4.67,54.50
2025-05-30 09:34:47.908,291,418,445,429,459,0.82,154,103,-183,20.29,210.97,4.743,103.00,-183.00,20.29,60.63
2025-05-30 09:34:47.979,292,418,445,428,460,0.84,150,103,-183,20.83,211.03,4.704,103.00,-183.00,20.83,60.63
2025-05-30 09:34:48.065,293,418,445,429,460,0.85,165,103,-183,19.70,210.92,4.767,103.00,-183.00,19.70,60.63
2025-05-30 09:34:48.128,294,514,449,524,462,0.83,130,199,-279,22.12,343.41,4.564,199.00,-279.00,22.12,54.50
2025-05-30 09:34:48.204,295,514,449,524,462,0.84,130,199,-279,22.12,343.41,4.426,199.00,-279.00,22.12,54.50
2025-05-30 09:34:48.286,296,514,449,525,462,0.81,143,199,-279,20.98,343.34,4.699,199.00,-279.00,20.98,54.50
2025-05-30 09:34:48.365,297,514,449,524,462,0.82,130,199,-279,22.12,343.41,4.606,199.00,-279.00,22.12,54.50
2025-05-30 09:34:48.434,298,514,449,525,462,0.79,143,199,-279,20.98,343.34,4.776,199.00,-279.00,20.98,54.50
2025-05-30 09:34:48.497,299,514,449,525,462,0.79,143,199,-279,20.98,343.34,4.470,199.00,-279.00,20.98,54.50
2025-05-30 09:34:48.568,300,153,226,190,268,0.34,1554,-149,69,5.77,164.30,5.903,-149.00,69.00,5.77,-155.15
2025-05-30 09:34:48.634,301,114,138,127,156,0.23,234,-200,120,16.56,233.83,8.174,-200.00,120.00,16.56,-149.04
2025-05-30 09:34:48.697,302,474,151,497,170,0.16,437,165,-245,12.01,295.63,0.905,165.00,-245.00,12.01,56.04
2025-05-30 09:34:48.782,303,475,150,498,171,0.42,483,166,-246,11.39,296.99,9.017,166.00,-246.00,11.39,55.99
2025-05-30 09:34:48.867,304,418,445,429,459,0.78,154,103,-183,20.29,210.97,5.062,103.00,-183.00,20.29,60.63
2025-05-30 09:34:48.928,305,418,445,428,460,0.80,150,103,-183,20.83,211.03,4.775,103.00,-183.00,20.83,60.63
2025-05-30 09:34:49.020,306,514,449,524,462,0.84,130,199,-279,22.12,343.41,22.115,199.00,-279.00,22.12,54.50
2025-05-30 09:34:49.093,307,514,449,524,462,0.85,130,199,-279,22.12,343.41,4.805,199.00,-279.00,22.12,54.50
2025-05-30 09:34:49.171,308,514,449,524,462,0.84,130,199,-279,22.12,343.41,4.876,199.00,-279.00,22.12,54.50
2025-05-30 09:34:49.243,309,418,445,429,460,0.80,165,103,-183,19.70,210.92,4.834,103.00,-183.00,19.70,60.63
2025-05-30 09:34:49.313,310,514,449,524,462,0.82,130,199,-279,4.66,342.73,4.668,199.00,-279.00,4.66,54.50
2025-05-30 09:34:49.413,311,514,449,524,462,0.83,130,199,-279,22.12,343.41,5.017,199.00,-279.00,22.12,54.50
2025-05-30 09:34:49.496,312,514,449,524,462,0.80,130,199,-279,22.12,343.41,4.832,199.00,-279.00,22.12,54.50
2025-05-30 09:34:49.557,313,213,232,238,263,0.83,775,-95,15,9.03,96.60,6.281,-95.00,15.00,9.03,-171.03
2025-05-30 09:34:49.617,314,514,449,524,462,0.84,130,199,-279,22.12,343.41,4.790,199.00,-279.00,22.12,54.50
2025-05-30 09:34:49.681,315,417,445,428,460,0.79,165,102,-182,19.70,209.56,4.809,102.00,-182.00,19.70,60.73
2025-05-30 09:34:49.752,316,514,449,525,462,0.81,143,199,-279,20.98,343.34,4.874,199.00,-279.00,20.98,54.50
2025-05-30 09:34:49.822,317,418,445,429,460,0.83,165,103,-183,19.70,210.92,4.687,103.00,-183.00,19.70,60.63
2025-05-30 09:34:49.888,318,417,445,428,460,0.84,165,102,-182,19.70,209.56,4.723,102.00,-182.00,19.70,60.73
2025-05-30 09:34:49.954,319,514,449,524,462,0.83,130,199,-279,22.12,343.41,4.713,199.00,-279.00,22.12,54.50
2025-05-30 09:34:50.017,320,514,449,525,462,0.82,143,199,-279,4.80,342.73,4.709,199.00,-279.00,4.80,54.50
2025-05-30 09:34:50.088,321,514,449,524,462,0.81,130,199,-279,22.12,343.41,4.868,199.00,-279.00,22.12,54.50
2025-05-30 09:34:50.177,322,514,449,524,462,0.81,130,199,-279,22.12,343.41,4.774,199.00,-279.00,22.12,54.50
2025-05-30 09:34:50.251,323,514,449,524,462,0.85,130,199,-279,22.12,343.41,4.784,199.00,-279.00,22.12,54.50
2025-05-30 09:34:50.340,324,417,446,428,460,0.84,154,102,-182,20.29,209.62,4.815,102.00,-182.00,20.29,60.73
2025-05-30 09:34:50.401,325,514,449,525,462,0.81,143,199,-279,20.98,343.34,4.783,199.00,-279.00,20.98,54.50
2025-05-30 09:34:50.499,326,418,445,429,460,0.81,165,103,-183,19.70,210.92,4.921,103.00,-183.00,19.70,60.63
2025-05-30 09:34:50.581,327,418,445,429,460,0.80,165,103,-183,19.70,210.92,4.883,103.00,-183.00,19.70,60.63
2025-05-30 09:34:50.644,328,418,445,429,460,0.82,165,103,-183,19.70,210.92,4.748,103.00,-183.00,19.70,60.63
2025-05-30 09:34:50.726,329,514,449,524,462,0.83,130,199,-279,22.12,343.41,4.765,199.00,-279.00,22.12,54.50
2025-05-30 09:34:50.800,330,514,449,524,462,0.85,130,199,-279,4.66,342.73,4.566,199.00,-279.00,4.66,54.50
2025-05-30 09:34:50.901,331,514,449,524,462,0.84,130,199,-279,22.12,343.41,4.796,199.00,-279.00,22.12,54.50
2025-05-30 09:34:51.005,332,514,449,524,462,0.83,130,199,-279,22.12,343.41,4.587,199.00,-279.00,22.12,54.50
2025-05-30 09:34:51.072,333,514,449,524,462,0.85,130,199,-279,22.12,343.41,4.770,199.00,-279.00,22.12,54.50
2025-05-30 09:34:51.167,334,514,449,524,462,0.84,130,199,-279,22.12,343.41,4.566,199.00,-279.00,22.12,54.50
2025-05-30 09:34:51.248,335,514,449,524,462,0.83,130,199,-279,22.12,343.41,4.698,199.00,-279.00,22.12,54.50
2025-05-30 09:34:51.334,336,514,449,524,462,0.84,130,199,-279,22.12,343.41,4.771,199.00,-279.00,22.12,54.50
2025-05-30 09:34:51.425,337,514,449,524,462,0.87,130,199,-279,22.12,343.41,4.543,199.00,-279.00,22.12,54.50
2025-05-30 09:34:51.511,338,514,449,524,463,0.86,140,199,-279,21.43,343.37,4.517,199.00,-279.00,21.43,54.50
2025-05-30 09:34:51.589,339,514,449,524,462,0.87,130,199,-279,22.12,343.41,4.648,199.00,-279.00,22.12,54.50
2025-05-30 09:34:51.671,340,514,449,524,462,0.87,130,199,-279,4.67,342.73,4.838,199.00,-279.00,4.67,54.50
2025-05-30 09:34:51.746,341,514,449,524,462,0.83,130,199,-279,22.12,343.41,4.657,199.00,-279.00,22.12,54.50
2025-05-30 09:34:51.834,342,514,449,525,462,0.79,143,199,-279,20.98,343.34,4.677,199.00,-279.00,20.98,54.50
2025-05-30 09:34:51.910,343,514,449,525,462,0.82,143,199,-279,20.98,343.34,4.641,199.00,-279.00,20.98,54.50
2025-05-30 09:34:51.990,344,514,449,525,462,0.81,143,199,-279,20.98,343.34,4.662,199.00,-279.00,20.98,54.50
2025-05-30 09:34:52.070,345,418,445,429,460,0.81,165,103,-183,19.70,210.92,4.780,103.00,-183.00,19.70,60.63
2025-05-30 09:34:52.152,346,514,449,525,462,0.84,143,199,-279,20.98,343.34,4.645,199.00,-279.00,20.98,54.50
2025-05-30 09:34:52.233,347,418,445,429,460,0.81,165,103,-183,19.70,210.92,4.812,103.00,-183.00,19.70,60.63
2025-05-30 09:34:52.321,348,514,449,524,462,0.84,130,199,-279,22.12,343.41,4.526,199.00,-279.00,22.12,54.50
2025-05-30 09:34:52.399,349,514,449,525,462,0.81,143,199,-279,20.98,343.34,4.496,199.00,-279.00,20.98,54.50
2025-05-30 09:34:52.504,350,417,445,428,460,0.82,165,102,-182,4.90,208.69,4.999,102.00,-182.00,4.90,60.73
2025-05-30 09:34:52.592,351,418,445,429,460,0.78,165,103,-183,19.70,210.92,4.867,103.00,-183.00,19.70,60.63
2025-05-30 09:34:52.676,352,514,449,525,462,0.82,143,199,-279,20.98,343.34,4.689,199.00,-279.00,20.98,54.50
2025-05-30 09:34:52.751,353,514,449,524,462,0.81,130,199,-279,22.12,343.41,4.562,199.00,-279.00,22.12,54.50
2025-05-30 09:34:52.839,354,514,449,525,462,0.82,143,199,-279,20.98,343.34,4.637,199.00,-279.00,20.98,54.50
2025-05-30 09:34:52.916,355,418,445,428,460,0.81,150,103,-183,20.83,211.03,4.914,103.00,-183.00,20.83,60.63
2025-05-30 09:34:53.005,356,418,445,428,460,0.80,150,103,-183,20.83,211.03,4.836,103.00,-183.00,20.83,60.63
2025-05-30 09:34:53.086,357,514,449,524,462,0.83,130,199,-279,22.12,343.41,4.570,199.00,-279.00,22.12,54.50
2025-05-30 09:34:53.159,358,418,445,428,460,0.84,150,103,-183,20.83,211.03,4.845,103.00,-183.00,20.83,60.63
2025-05-30 09:34:53.232,359,417,445,428,460,0.83,165,102,-182,19.70,209.56,4.941,102.00,-182.00,19.70,60.73
2025-05-30 09:34:53.345,360,418,445,428,460,0.80,150,103,-183,4.82,210.05,4.944,103.00,-183.00,4.82,60.63
2025-05-30 09:34:53.421,361,417,445,428,460,0.83,165,102,-182,19.70,209.56,4.846,102.00,-182.00,19.70,60.73
2025-05-30 09:34:53.517,362,417,446,428,460,0.83,154,102,-182,20.29,209.62,4.831,102.00,-182.00,20.29,60.73
2025-05-30 09:34:53.598,363,514,449,524,462,0.83,130,199,-279,22.12,343.41,4.725,199.00,-279.00,22.12,54.50
2025-05-30 09:34:53.671,364,514,449,524,462,0.84,130,199,-279,22.12,343.41,4.760,199.00,-279.00,22.12,54.50
2025-05-30 09:34:53.751,365,418,445,429,460,0.83,165,103,-183,19.70,210.92,4.795,103.00,-183.00,19.70,60.63
2025-05-30 09:34:53.831,366,418,445,429,460,0.84,165,103,-183,19.70,210.92,4.815,103.00,-183.00,19.70,60.63
2025-05-30 09:34:53.938,367,514,449,525,462,0.81,143,199,-279,20.98,343.34,4.793,199.00,-279.00,20.98,54.50
2025-05-30 09:34:54.030,368,418,445,429,460,0.83,165,103,-183,19.70,210.92,4.725,103.00,-183.00,19.70,60.63
2025-05-30 09:34:54.108,369,514,449,524,462,0.82,130,199,-279,22.12,343.41,4.672,199.00,-279.00,22.12,54.50
2025-05-30 09:34:54.207,370,418,445,429,460,0.84,165,103,-183,4.90,210.05,4.774,103.00,-183.00,4.90,60.63
2025-05-30 09:34:54.319,371,418,445,428,460,0.82,150,103,-183,20.83,211.03,4.754,103.00,-183.00,20.83,60.63
2025-05-30 09:34:54.395,372,418,446,428,460,0.83,140,103,-183,21.43,211.09,4.756,103.00,-183.00,21.43,60.63
2025-05-30 09:34:54.477,373,514,449,524,462,0.83,130,199,-279,22.12,343.41,4.780,199.00,-279.00,22.12,54.50
2025-05-30 09:34:54.553,374,514,449,524,462,0.81,130,199,-279,22.12,343.41,4.723,199.00,-279.00,22.12,54.50
2025-05-30 09:34:54.631,375,417,446,428,460,0.83,154,102,-182,20.29,209.62,4.725,102.00,-182.00,20.29,60.73
2025-05-30 09:34:54.715,376,418,445,428,460,0.79,150,103,-183,20.83,211.03,4.789,103.00,-183.00,20.83,60.63
2025-05-30 09:34:54.812,377,418,445,429,460,0.82,165,103,-183,19.70,210.92,4.802,103.00,-183.00,19.70,60.63
2025-05-30 09:34:54.912,378,418,445,429,460,0.82,165,103,-183,19.70,210.92,4.793,103.00,-183.00,19.70,60.63
2025-05-30 09:34:54.991,379,514,449,524,462,0.83,130,199,-279,22.12,343.41,4.632,199.00,-279.00,22.12,54.50
2025-05-30 09:34:55.087,380,514,449,524,462,0.83,130,199,-279,4.66,342.73,4.757,199.00,-279.00,4.66,54.50
2025-05-30 09:34:55.169,381,514,449,524,462,0.85,130,199,-279,22.12,343.41,4.661,199.00,-279.00,22.12,54.50
2025-05-30 09:34:55.268,382,514,449,524,462,0.82,130,199,-279,22.12,343.41,4.612,199.00,-279.00,22.12,54.50
2025-05-30 09:34:55.352,383,514,449,524,462,0.84,130,199,-279,22.12,343.41,4.900,199.00,-279.00,22.12,54.50
2025-05-30 09:34:55.454,384,514,449,524,463,0.83,140,199,-279,21.43,343.37,4.572,199.00,-279.00,21.43,54.50
2025-05-30 09:34:55.540,385,514,449,524,462,0.83,130,199,-279,22.12,343.41,4.623,199.00,-279.00,22.12,54.50
2025-05-30 09:34:55.622,386,514,449,524,462,0.86,130,199,-279,22.12,343.41,4.666,199.00,-279.00,22.12,54.50
2025-05-30 09:34:55.716,387,514,449,524,462,0.85,130,199,-279,22.12,343.41,4.687,199.00,-279.00,22.12,54.50
2025-05-30 09:34:55.799,388,513,449,524,462,0.86,143,198,-278,20.98,341.95,4.657,198.00,-278.00,20.98,54.54
2025-05-30 09:34:55.899,389,514,449,524,462,0.85,130,199,-279,22.12,343.41,4.722,199.00,-279.00,22.12,54.50
2025-05-30 09:34:55.980,390,514,449,524,462,0.81,130,199,-279,4.66,342.73,4.660,199.00,-279.00,4.66,54.50
2025-05-30 09:34:56.063,391,514,449,524,462,0.83,130,199,-279,22.12,343.41,4.800,199.00,-279.00,22.12,54.50
2025-05-30 09:34:56.140,392,514,449,524,462,0.81,130,199,-279,22.12,343.41,4.574,199.00,-279.00,22.12,54.50
2025-05-30 09:34:56.221,393,417,445,428,460,0.81,165,102,-182,19.70,209.56,4.811,102.00,-182.00,19.70,60.73
2025-05-30 09:34:56.301,394,417,445,428,460,0.82,165,102,-182,19.70,209.56,4.871,102.00,-182.00,19.70,60.73
2025-05-30 09:34:56.389,395,418,446,428,460,0.80,140,103,-183,21.43,211.09,4.817,103.00,-183.00,21.43,60.63
2025-05-30 09:34:56.473,396,514,449,524,462,0.80,130,199,-279,22.12,343.41,4.740,199.00,-279.00,22.12,54.50
2025-05-30 09:34:56.556,397,418,445,429,459,0.75,154,103,-183,20.29,210.97,4.940,103.00,-183.00,20.29,60.63
2025-05-30 09:34:56.641,398,418,445,428,460,0.68,150,103,-183,20.83,211.03,4.990,103.00,-183.00,20.83,60.63
2025-05-30 09:34:56.727,399,418,445,429,459,0.79,154,103,-183,20.29,210.97,5.066,103.00,-183.00,20.29,60.63
2025-05-30 09:34:56.811,400,418,445,428,460,0.76,150,103,-183,4.86,210.05,5.098,103.00,-183.00,4.86,60.63
2025-05-30 09:34:56.893,401,418,445,429,460,0.79,165,103,-183,19.70,210.92,4.972,103.00,-183.00,19.70,60.63
2025-05-30 09:34:56.979,402,514,449,524,462,0.75,130,199,-279,22.12,343.41,4.479,199.00,-279.00,22.12,54.50
2025-05-30 09:34:57.072,403,418,445,429,460,0.82,165,103,-183,19.70,210.92,4.876,103.00,-183.00,19.70,60.63
2025-05-30 09:34:57.165,404,418,445,429,460,0.81,165,103,-183,19.70,210.92,4.703,103.00,-183.00,19.70,60.63
2025-05-30 09:34:57.257,405,418,445,429,460,0.84,165,103,-183,19.70,210.92,4.842,103.00,-183.00,19.70,60.63
2025-05-30 09:34:57.373,406,418,445,428,460,0.81,150,103,-183,20.83,211.03,4.659,103.00,-183.00,20.83,60.63
2025-05-30 09:34:57.463,407,417,446,428,460,0.80,154,102,-182,20.29,209.62,4.722,102.00,-182.00,20.29,60.73
2025-05-30 09:34:57.549,408,514,449,524,462,0.77,130,199,-279,22.12,343.41,4.519,199.00,-279.00,22.12,54.50
2025-05-30 09:34:57.668,409,418,445,428,460,0.79,150,103,-183,20.83,211.03,4.870,103.00,-183.00,20.83,60.63
2025-05-30 09:34:57.766,410,418,445,429,460,0.79,165,103,-183,4.93,210.05,4.717,103.00,-183.00,4.93,60.63
2025-05-30 09:34:57.878,411,514,449,525,462,0.80,143,199,-279,20.98,343.34,4.618,199.00,-279.00,20.98,54.50
2025-05-30 09:34:57.988,412,418,445,429,459,0.80,154,103,-183,20.29,210.97,4.921,103.00,-183.00,20.29,60.63
2025-05-30 09:34:58.080,413,514,449,524,462,0.84,130,199,-279,22.12,343.41,4.731,199.00,-279.00,22.12,54.50
2025-05-30 09:34:58.179,414,514,449,524,462,0.80,130,199,-279,22.12,343.41,4.646,199.00,-279.00,22.12,54.50
2025-05-30 09:34:58.271,415,514,449,524,462,0.82,130,199,-279,22.12,343.41,4.724,199.00,-279.00,22.12,54.50
2025-05-30 09:34:58.357,416,514,449,524,462,0.84,130,199,-279,22.12,343.41,4.573,199.00,-279.00,22.12,54.50
2025-05-30 09:34:58.448,417,514,449,524,462,0.81,130,199,-279,22.12,343.41,4.723,199.00,-279.00,22.12,54.50
2025-05-30 09:34:58.560,418,514,449,524,462,0.83,130,199,-279,22.12,343.41,4.606,199.00,-279.00,22.12,54.50
2025-05-30 09:34:58.646,419,514,449,525,462,0.79,143,199,-279,20.98,343.34,4.637,199.00,-279.00,20.98,54.50
2025-05-30 09:34:58.732,420,514,449,524,462,0.80,130,199,-279,4.69,342.73,4.710,199.00,-279.00,4.69,54.50
2025-05-30 09:34:58.826,421,418,445,429,460,0.82,165,103,-183,19.70,210.92,4.712,103.00,-183.00,19.70,60.63
2025-05-30 09:34:58.912,422,418,445,429,460,0.79,165,103,-183,19.70,210.92,4.839,103.00,-183.00,19.70,60.63
2025-05-30 09:34:58.996,423,418,445,428,460,0.82,150,103,-183,20.83,211.03,4.734,103.00,-183.00,20.83,60.63
2025-05-30 09:34:59.078,424,418,445,429,460,0.81,165,103,-183,19.70,210.92,4.904,103.00,-183.00,19.70,60.63
2025-05-30 09:34:59.193,425,514,449,524,462,0.81,130,199,-279,22.12,343.41,4.655,199.00,-279.00,22.12,54.50
2025-05-30 09:34:59.269,426,418,445,429,460,0.82,165,103,-183,19.70,210.92,4.840,103.00,-183.00,19.70,60.63
2025-05-30 09:34:59.344,427,418,445,429,460,0.81,165,103,-183,19.70,210.92,4.857,103.00,-183.00,19.70,60.63
2025-05-30 09:34:59.450,428,514,449,524,462,0.78,130,199,-279,22.12,343.41,4.553,199.00,-279.00,22.12,54.50
2025-05-30 09:34:59.545,429,418,445,429,460,0.79,165,103,-183,19.70,210.92,4.772,103.00,-183.00,19.70,60.63
2025-05-30 09:34:59.623,430,418,445,429,460,0.77,165,103,-183,4.93,210.05,4.791,103.00,-183.00,4.93,60.63
2025-05-30 09:34:59.709,431,418,445,429,459,0.78,154,103,-183,20.29,210.97,4.750,103.00,-183.00,20.29,60.63
2025-05-30 09:34:59.790,432,418,445,429,460,0.82,165,103,-183,19.70,210.92,4.783,103.00,-183.00,19.70,60.63
2025-05-30 09:34:59.876,433,418,445,429,460,0.81,165,103,-183,19.70,210.92,4.775,103.00,-183.00,19.70,60.63
2025-05-30 09:34:59.951,434,514,449,524,462,0.81,130,199,-279,22.12,343.41,4.500,199.00,-279.00,22.12,54.50
2025-05-30 09:35:00.057,435,418,445,429,460,0.81,165,103,-183,19.70,210.92,4.776,103.00,-183.00,19.70,60.63
2025-05-30 09:35:00.158,436,418,445,429,459,0.80,154,103,-183,20.29,210.97,4.916,103.00,-183.00,20.29,60.63
2025-05-30 09:35:00.257,437,418,445,429,460,0.81,165,103,-183,19.70,210.92,5.198,103.00,-183.00,19.70,60.63
2025-05-30 09:35:00.343,438,418,445,428,460,0.79,150,103,-183,20.83,211.03,4.931,103.00,-183.00,20.83,60.63
2025-05-30 09:35:00.426,439,418,445,429,459,0.79,154,103,-183,20.29,210.97,4.980,103.00,-183.00,20.29,60.63
2025-05-30 09:35:00.521,440,418,445,429,460,0.82,165,103,-183,4.90,210.05,4.883,103.00,-183.00,4.90,60.63
2025-05-30 09:35:00.601,441,418,445,428,460,0.82,150,103,-183,20.83,211.03,4.887,103.00,-183.00,20.83,60.63
2025-05-30 09:35:00.701,442,418,445,429,460,0.82,165,103,-183,19.70,210.92,4.717,103.00,-183.00,19.70,60.63
2025-05-30 09:35:00.800,443,418,445,429,460,0.81,165,103,-183,19.70,210.92,4.995,103.00,-183.00,19.70,60.63
2025-05-30 09:35:00.878,444,514,449,524,462,0.81,130,199,-279,22.12,343.41,4.563,199.00,-279.00,22.12,54.50
2025-05-30 09:35:00.963,445,418,445,429,460,0.82,165,103,-183,19.70,210.92,4.777,103.00,-183.00,19.70,60.63
2025-05-30 09:35:01.041,446,418,445,429,460,0.82,165,103,-183,19.70,210.92,4.897,103.00,-183.00,19.70,60.63
2025-05-30 09:35:01.121,447,418,445,429,460,0.81,165,103,-183,19.70,210.92,4.842,103.00,-183.00,19.70,60.63
2025-05-30 09:35:01.209,448,418,445,429,460,0.82,165,103,-183,19.70,210.92,4.781,103.00,-183.00,19.70,60.63
2025-05-30 09:35:01.332,449,418,445,429,460,0.80,165,103,-183,19.70,210.92,4.814,103.00,-183.00,19.70,60.63
2025-05-30 09:35:01.436,450,514,449,524,462,0.80,130,199,-279,4.69,342.73,4.729,199.00,-279.00,4.69,54.50
2025-05-30 09:35:01.552,451,417,445,428,460,0.81,165,102,-182,19.70,209.56,4.910,102.00,-182.00,19.70,60.73
2025-05-30 09:35:01.633,452,418,445,429,460,0.82,165,103,-183,19.70,210.92,4.717,103.00,-183.00,19.70,60.63
2025-05-30 09:35:01.744,453,418,445,429,460,0.80,165,103,-183,19.70,210.92,4.779,103.00,-183.00,19.70,60.63
2025-05-30 09:35:01.843,454,418,445,429,460,0.80,165,103,-183,19.70,210.92,4.828,103.00,-183.00,19.70,60.63
2025-05-30 09:35:01.920,455,418,445,429,460,0.81,165,103,-183,19.70,210.92,4.964,103.00,-183.00,19.70,60.63
2025-05-30 09:35:01.999,456,418,445,428,460,0.79,150,103,-183,20.83,211.03,4.868,103.00,-183.00,20.83,60.63
2025-05-30 09:35:02.096,457,418,445,429,460,0.83,165,103,-183,19.70,210.92,4.732,103.00,-183.00,19.70,60.63
2025-05-30 09:35:02.179,458,418,445,429,460,0.80,165,103,-183,19.70,210.92,4.818,103.00,-183.00,19.70,60.63
2025-05-30 09:35:02.262,459,418,445,429,460,0.82,165,103,-183,19.70,210.92,4.920,103.00,-183.00,19.70,60.63
2025-05-30 09:35:02.361,460,418,445,429,459,0.79,154,103,-183,4.91,210.05,4.906,103.00,-183.00,4.91,60.63
2025-05-30 09:35:02.468,461,418,445,428,460,0.82,150,103,-183,20.83,211.03,4.876,103.00,-183.00,20.83,60.63
2025-05-30 09:35:02.576,462,514,450,524,462,0.79,120,199,-279,22.92,343.46,4.655,199.00,-279.00,22.92,54.50
2025-05-30 09:35:02.677,463,514,449,524,462,0.83,130,199,-279,22.12,343.41,4.630,199.00,-279.00,22.12,54.50
2025-05-30 09:35:02.773,464,418,445,428,460,0.81,150,103,-183,20.83,211.03,4.728,103.00,-183.00,20.83,60.63
2025-05-30 09:35:02.879,465,418,445,429,460,0.81,165,103,-183,19.70,210.92,4.838,103.00,-183.00,19.70,60.63
2025-05-30 09:35:02.969,466,418,445,429,460,0.80,165,103,-183,19.70,210.92,4.815,103.00,-183.00,19.70,60.63
2025-05-30 09:35:03.052,467,418,445,429,460,0.81,165,103,-183,19.70,210.92,4.781,103.00,-183.00,19.70,60.63
2025-05-30 09:35:03.123,468,418,445,429,460,0.80,165,103,-183,19.70,210.92,4.965,103.00,-183.00,19.70,60.63
2025-05-30 09:35:03.227,469,418,445,429,460,0.82,165,103,-183,19.70,210.92,4.883,103.00,-183.00,19.70,60.63
2025-05-30 09:35:03.304,470,514,449,525,462,0.80,143,199,-279,4.71,342.73,4.589,199.00,-279.00,4.71,54.50
2025-05-30 09:35:03.388,471,418,445,429,459,0.80,154,103,-183,20.29,210.97,4.939,103.00,-183.00,20.29,60.63
2025-05-30 09:35:03.474,472,418,445,429,459,0.80,154,103,-183,20.29,210.97,4.862,103.00,-183.00,20.29,60.63
2025-05-30 09:35:03.563,473,418,445,429,460,0.83,165,103,-183,19.70,210.92,4.847,103.00,-183.00,19.70,60.63
2025-05-30 09:35:03.653,474,418,445,429,460,0.82,165,103,-183,19.70,210.92,4.730,103.00,-183.00,19.70,60.63
2025-05-30 09:35:03.753,475,418,445,429,460,0.80,165,103,-183,19.70,210.92,4.868,103.00,-183.00,19.70,60.63
2025-05-30 09:35:03.838,476,514,449,524,462,0.81,130,199,-279,22.12,343.41,4.637,199.00,-279.00,22.12,54.50
2025-05-30 09:35:03.926,477,418,445,429,459,0.80,154,103,-183,20.29,210.97,4.827,103.00,-183.00,20.29,60.63
2025-05-30 09:35:04.034,478,418,445,429,460,0.81,165,103,-183,19.70,210.92,4.826,103.00,-183.00,19.70,60.63
2025-05-30 09:35:04.111,479,514,449,524,462,0.80,130,199,-279,22.12,343.41,4.679,199.00,-279.00,22.12,54.50
2025-05-30 09:35:04.212,480,418,445,429,460,0.82,165,103,-183,4.90,210.05,4.792,103.00,-183.00,4.90,60.63
2025-05-30 09:35:04.326,481,418,445,428,460,0.80,150,103,-183,20.83,211.03,4.898,103.00,-183.00,20.83,60.63
2025-05-30 09:35:04.412,482,514,449,524,462,0.82,130,199,-279,22.12,343.41,4.630,199.00,-279.00,22.12,54.50
2025-05-30 09:35:04.500,483,417,445,428,460,0.82,165,102,-182,19.70,209.56,4.802,102.00,-182.00,19.70,60.73
2025-05-30 09:35:04.631,484,417,445,428,460,0.82,165,102,-182,19.70,209.56,4.801,102.00,-182.00,19.70,60.73
2025-05-30 09:35:04.772,485,418,445,429,460,0.81,165,103,-183,19.70,210.92,4.736,103.00,-183.00,19.70,60.63
2025-05-30 09:35:04.889,486,418,445,428,460,0.80,150,103,-183,20.83,211.03,4.799,103.00,-183.00,20.83,60.63
2025-05-30 09:35:05.011,487,418,445,428,460,0.81,150,103,-183,20.83,211.03,4.866,103.00,-183.00,20.83,60.63
2025-05-30 09:35:05.157,488,514,449,524,462,0.83,130,199,-279,22.12,343.41,4.635,199.00,-279.00,22.12,54.50
2025-05-30 09:35:05.283,489,418,445,428,460,0.82,150,103,-183,20.83,211.03,4.823,103.00,-183.00,20.83,60.63
2025-05-30 09:35:05.385,490,417,445,428,460,0.79,165,102,-182,4.93,208.69,4.752,102.00,-182.00,4.93,60.73
2025-05-30 09:35:05.501,491,514,449,524,462,0.83,130,199,-279,22.12,343.41,4.732,199.00,-279.00,22.12,54.50
2025-05-30 09:35:05.599,492,418,445,429,459,0.80,154,103,-183,20.29,210.97,4.866,103.00,-183.00,20.29,60.63
2025-05-30 09:35:05.702,493,514,449,525,462,0.81,143,199,-279,20.98,343.34,4.587,199.00,-279.00,20.98,54.50
2025-05-30 09:35:05.792,494,417,445,428,460,0.82,165,102,-182,19.70,209.56,4.822,102.00,-182.00,19.70,60.73
2025-05-30 09:35:05.907,495,514,449,524,462,0.81,130,199,-279,22.12,343.41,4.631,199.00,-279.00,22.12,54.50
2025-05-30 09:35:06.002,496,514,449,524,462,0.82,130,199,-279,22.12,343.41,4.854,199.00,-279.00,22.12,54.50
2025-05-30 09:35:06.088,497,514,449,524,462,0.82,130,199,-279,22.12,343.41,4.576,199.00,-279.00,22.12,54.50
2025-05-30 09:35:06.173,498,514,449,524,462,0.81,130,199,-279,22.12,343.41,4.722,199.00,-279.00,22.12,54.50
2025-05-30 09:35:06.264,499,514,449,524,462,0.82,130,199,-279,22.12,343.41,4.856,199.00,-279.00,22.12,54.50
2025-05-30 09:35:06.356,500,417,445,428,460,0.81,165,102,-182,4.93,208.69,4.886,102.00,-182.00,4.93,60.73
2025-05-30 09:35:06.461,501,514,449,524,462,0.83,130,199,-279,22.12,343.41,4.836,199.00,-279.00,22.12,54.50
2025-05-30 09:35:06.572,502,418,445,429,460,0.82,165,103,-183,19.70,210.92,4.862,103.00,-183.00,19.70,60.63
2025-05-30 09:35:06.663,503,418,445,429,459,0.79,154,103,-183,20.29,210.97,4.775,103.00,-183.00,20.29,60.63
2025-05-30 09:35:06.758,504,514,449,525,462,0.79,143,199,-279,20.98,343.34,4.479,199.00,-279.00,20.98,54.50
2025-05-30 09:35:06.855,505,418,445,428,460,0.83,150,103,-183,20.83,211.03,4.712,103.00,-183.00,20.83,60.63
2025-05-30 09:35:06.939,506,418,445,429,460,0.80,165,103,-183,19.70,210.92,4.866,103.00,-183.00,19.70,60.63
2025-05-30 09:35:07.028,507,418,445,429,460,0.79,165,103,-183,19.70,210.92,4.883,103.00,-183.00,19.70,60.63
2025-05-30 09:35:07.107,508,417,445,428,460,0.82,165,102,-182,19.70,209.56,4.822,102.00,-182.00,19.70,60.73
2025-05-30 09:35:07.190,509,418,445,429,460,0.80,165,103,-183,19.70,210.92,4.921,103.00,-183.00,19.70,60.63
2025-05-30 09:35:07.282,510,418,445,429,460,0.81,165,103,-183,4.90,210.05,4.799,103.00,-183.00,4.90,60.63
2025-05-30 09:35:07.365,511,418,445,429,460,0.80,165,103,-183,19.70,210.92,4.794,103.00,-183.00,19.70,60.63
2025-05-30 09:35:07.460,512,418,445,429,460,0.78,165,103,-183,19.70,210.92,4.885,103.00,-183.00,19.70,60.63
2025-05-30 09:35:07.558,513,418,445,429,460,0.81,165,103,-183,19.70,210.92,4.872,103.00,-183.00,19.70,60.63
2025-05-30 09:35:07.664,514,418,445,428,460,0.80,150,103,-183,20.83,211.03,4.935,103.00,-183.00,20.83,60.63
2025-05-30 09:35:07.765,515,514,449,524,462,0.82,130,199,-279,22.12,343.41,4.513,199.00,-279.00,22.12,54.50
